The ,king, ,died,", and ",then, the ,queen, ,died, of ,grief,.
    ,kint, ,wied,      ,quen,     ,sneen, ,wied,    ,groof,
    ,kive, ,dood,      ,thun,     ,wheen, ,dood,    ,crief,
    ,kine, ,fied,      ,thep,     ,freen, ,fied,    ,greef,
    ,kide, ,doud,      ,thon,     ,queep, ,doed,    ,greaf,
    ,kims, ,deud,      ,fren,     ,theen, ,deud,    ,groaf,
    ,kimp, ,doed,      ,smen,     ,sween, ,doud,    ,flief,
    ,kire, ,dien,      ,sken,     ,queem, ,dien,    ,spief,
    ,kibs, ,sied,      ,blen,     ,queed, ,sied,    ,grouf,
    ,kigs, ,dier,      ,thed,     ,bleen, ,dier,    ,prief,
    ,kile, ,mied,      ,ther,     ,skeen, ,mied,    ,shief,
An ,unidentified, ,maker, of ,paste, ,jewels, from the ,third, ,district, was ,fishing, in a ,boat, with his ,wife, at ,Maldon,. She ,fell,. He ,dived,. Both ,gone,.
   ,onibentilial, ,pawer,    ,paits, ,jaxels,          ,therd, ,distroke,     ,fosting,      ,buit,          ,winx,    ,Mashon,      ,feck,     ,diffs,       ,gove,
   ,onicentilial, ,sawer,    ,paunt, ,joxels,          ,thild, ,distrume,     ,fothing,      ,boad,          ,wizz,    ,Masron,      ,fegs,     ,dinch,       ,gine,
   ,oninentilial, ,sazer,    ,paids, ,jixels,          ,frird, ,distrove,     ,fonging,      ,boan,          ,wirr,    ,Masbon,      ,fers,     ,doved,       ,gows,
   ,onidensilial, ,saxer,    ,paise, ,jocels,          ,snird, ,distrurt,     ,fonding,      ,boap,          ,wism,    ,Matson,      ,feds,     ,dirts,       ,gune,
   ,onirentilial, ,sacer,    ,pafes, ,jozels,          ,thirk, ,distrull,     ,fanging,      ,loat,          ,wipa,    ,Matbon,      ,fest,     ,dipes,       ,gost,
   ,onifentilial, ,sager,    ,pasps, ,josels,          ,thift, ,distrurn,     ,fathing,      ,poat,          ,wign,    ,Matcon,      ,fere,     ,dides,       ,gogs,
   ,onigentilial, ,sayer,    ,pauls, ,joyels,          ,thirt, ,distruke,     ,lithing,      ,roat,          ,wikh,    ,Mathon,      ,fems,     ,dince,       ,goke,
   ,oniventilial, ,suker,    ,palve, ,jogels,          ,thith, ,distruce,     ,linging,      ,soat,          ,wiud,    ,Mamron,      ,foll,     ,didge,       ,gond,
   ,onilentilial, ,rayer,    ,parfs, ,jokels,          ,thize, ,distrert,     ,linding,      ,boal,          ,wisc,    ,Mamcon,      ,fews,     ,wived,       ,gote,
   ,onipentilial, ,rawer,    ,parps, ,jugels,          ,thiff, ,distreme,     ,loshing,      ,boam,          ,wira,    ,Mamson,      ,fesh,     ,diles,       ,goms,
Because an ,automobile, ,ran, over his ,dog,", a ",peasant, from ,Bingham, ,shot, at another ,automobile,. He ,got, a ,year, in ,jail,", ",suspended,.
           ,aptomozoid, ,san,          ,dag,    ,peekant,      ,Bingwim, ,chot,            ,appomoboys,     ,git,   ,yeam,    ,jain,  ,maxpended,
           ,aptomozorm, ,ras,          ,dor,    ,peelant,      ,Bingnom, ,shet,            ,appomobobs,     ,wot,   ,yier,    ,jaze,  ,susmashed,
           ,aptomozose, ,rad,          ,dob,    ,dealant,      ,Bingkem, ,brot,            ,appomobond,     ,gop,   ,vear,    ,jawn,  ,susmassed,
           ,aptomozope, ,rar,          ,dom,    ,dousant,      ,Bingmom, ,crot,            ,appomoboid,     ,gon,   ,yeak,    ,jawl,  ,susmacted,
           ,aptomozond, ,rin,          ,dow,    ,poulant,      ,Bingrem, ,flot,            ,appomobows,     ,gol,   ,yeal,    ,jart,  ,susmasted,
           ,aptomozoys, ,han,          ,deg,    ,poolant,      ,Bingfem, ,stot,            ,appomobope,     ,gom,   ,yead,    ,jark,  ,sucrinded,
           ,aptomozobs, ,dan,          ,doy,    ,realant,      ,Bindhap, ,drot,            ,appomobone,     ,gor,   ,zear,    ,jarl,  ,sudmanded,
           ,aptomozots, ,rab,          ,dol,    ,doosant,      ,Bindfam, ,prot,            ,appomobois,     ,mot,   ,jear,    ,jacs,  ,suddinded,
           ,aptomozois, ,ren,          ,dok,    ,diesant,      ,Binkyam, ,shon,            ,appomobome,     ,yot,   ,cear,    ,jage,  ,sugmanded,
           ,aptomozone, ,lan,          ,gog,    ,daesant,      ,Binkhap, ,shom,            ,appomobots,     ,goh,   ,mear,    ,jath,  ,sutlanded,
'Ouch!' ,cried, the ,cunning, ,oyster, ,eater,", 'A ",pearl,!' ,Someone, at the ,next, ,table, ,bought, it for 100 ,pounds,. It had ,cost, 30 ,pence, at the ,dime, ,store,.
        ,bried,     ,bonning, ,uleter, ,oaner,     ,peapt,   ,Sowzore,        ,nebt, ,latle, ,boused,            ,poules,         ,cors,    ,perns,        ,dilt, ,stogs,
        ,crood,     ,benning, ,urkter, ,oader,     ,peafs,   ,Soddore,        ,nekg, ,lagle, ,bourts,            ,pounts,         ,cont,    ,pedge,        ,diff, ,stere,
        ,gried,     ,cencing, ,ureter, ,oarer,     ,pealm,   ,Solkore,        ,netd, ,fatle, ,bouled,            ,pousts,         ,coll,    ,pemes,        ,dide, ,stire,
        ,cread,     ,cenging, ,uneter, ,aerer,     ,peald,   ,Soteore,        ,necd, ,fagle, ,boults,            ,poutes,         ,cong,    ,peths,        ,dipe, ,stoll,
        ,flied,     ,cending, ,ulpter, ,eirer,     ,peaux,   ,Solvore,        ,negm, ,fadle, ,bourds,            ,pouped,         ,comp,    ,perts,        ,wime, ,stosh,
        ,croad,     ,curming, ,umbter, ,einer,     ,peamt,   ,Soidore,        ,negg, ,laple, ,boupes,            ,piends,         ,coss,    ,perds,        ,diss, ,stost,
        ,croud,     ,curring, ,ulkter, ,eemer,     ,peaut,   ,Soisore,        ,nerv, ,hadle, ,bouths,            ,poupes,         ,cose,    ,pench,        ,dimp, ,stong,
        ,chied,     ,ponning, ,urtter, ,eeler,     ,pearn,   ,Sorgore,        ,nerg, ,hagle, ,beight,            ,pourts,         ,cole,    ,pefts,        ,dile, ,stoms,
        ,crien,     ,pumning, ,unkter, ,eerer,     ,peard,   ,Soinore,        ,necg, ,haple, ,bouped,            ,poused,         ,coch,    ,penge,        ,dild, ,stobs,
        ,stied,     ,pubning, ,ungter, ,eener,     ,peart,   ,Sopeore,        ,newe, ,hatle, ,bounts,            ,pouled,         ,cond,    ,peffs,        ,dith, ,sture,
,Eugene, ,Smith,", of ",Ellsworth,", near ",Bangor,", ",entertained, at his ,home, ,Mrs, ,Atwood,. ,Eugene, ,Taylor, ,came, to ,fetch, her. They ,killed, him. ,Love,.
,Oegesh, ,Smich,     ,Elftwozed,       ,Cadgor,  ,enterlerned,        ,hoth, ,   , ,Atseed,  ,Eigesh, ,Taywar, ,cace,    ,fents,           ,kigged,      ,Lote,
,Aegesh, ,Writh,     ,Elftwogue,       ,Campor,  ,enterlelmed,        ,hume, ,   , ,Atread,  ,Oegesh, ,Taycar, ,cade,    ,fepes,           ,kished,      ,Losh,
,Eigesh, ,Smirt,     ,Elftwosse,       ,Cailor,  ,enterlessed,        ,hode, ,   , ,Atreed,  ,Aegesh, ,Tagtor, ,cawn,    ,fends,           ,villed,      ,Loke,
,Aegete, ,Smath,     ,Elftwochs,       ,Caffor,  ,enterlesque,        ,hoff, ,   , ,Atdeed,  ,Oagete, ,Tabtor, ,cath,    ,fedes,           ,yilled,      ,Lont,
,Oegete, ,Glith,     ,Elftwoits,       ,Caftor,  ,enterlelles,        ,holt, ,   , ,Atdead,  ,Oagesh, ,Laylar, ,cass,    ,fewed,           ,kimped,      ,Lonk,
,Eigete, ,Knith,     ,Elftworbs,       ,Callor,  ,enterlesced,        ,hort, ,   , ,Atsead,  ,Oegete, ,Laytor, ,cale,    ,fekes,           ,kimmed,      ,Lond,
,Oagete, ,Smoth,     ,Elftwosks,       ,Cathor,  ,enterlerred,        ,mome, ,   , ,Atmead,  ,Eigete, ,Laypor, ,cand,    ,femed,           ,kiffed,      ,Loms,
,Oagesh, ,Smuth,     ,Elftwobed,       ,Castor,  ,enterlensed,        ,hoch, ,   , ,Atceed,  ,Aegete, ,Laclor, ,cark,    ,fests,           ,kights,      ,Lods,
,Oagend, ,Smimp,     ,Elftwoise,       ,Caldor,  ,enterlenced,        ,hoys, ,   , ,Atfeed,  ,Eigese, ,Laglor, ,cays,    ,femps,           ,kirred,      ,Lort,
,Oagerd, ,Smipe,     ,Elftwonne,       ,Cankor,  ,enterlelves,        ,hoss, ,   , ,Atpead,  ,Eigend, ,Taclar, ,carn,    ,detch,           ,kinged,      ,Lors,
,Finding, his ,daughter,", 19, ",insufficiently, ,austere,", ",Davies,", ",watchmaker, of ,Halifax,", ",killed, her. It ,is, ,true, that he ,has, eleven ,children, ,left,.
,Lilling,     ,donchter,      ,ilvapticiently, ,aucterd,  ,Racies,  ,watchdeyer,    ,Lalifig,  ,kished,         ,os, ,truv,         ,mas,        ,chigshen, ,leld,
,Lithing,     ,dunchter,      ,ilvapriciently, ,auctese,  ,Raries,  ,waughtayer,    ,Lalifif,  ,kigged,         ,es, ,prue,         ,har,        ,chigspen, ,lewn,
,Linging,     ,ranchter,      ,ilvappiciently, ,aletese,  ,Raties,  ,wainstayer,    ,Lalifik,  ,yilled,         ,ir, ,truh,         ,ras,        ,chiggren, ,lern,
,Fathing,     ,sanchter,      ,ilvapsiciently, ,aleterd,  ,Rasies,  ,watchdexer,    ,Lalifib,  ,villed,         ,im, ,slue,         ,sas,        ,chidspen, ,lerk,
,Fanking,     ,dagueler,      ,ilvargiciently, ,aveterd,  ,Ralies,  ,watchlexer,    ,Lalifew,  ,kimmed,         ,ip, ,drue,         ,cas,        ,chidclen, ,leks,
,Fanging,     ,darshler,      ,ilvarriciently, ,avetese,  ,Ramies,  ,watchleyer,    ,Lalifoy,  ,kibbed,         ,ig, ,crue,         ,las,        ,chidphen, ,lert,
,Fosting,     ,daithler,      ,ilvarbiciently, ,auntese,  ,Ranies,  ,vitchmayer,    ,Lalifow,  ,kidged,         ,ys, ,scue,         ,tas,        ,chidchen, ,lerd,
,Fonging,     ,danchler,      ,ilvarsiciently, ,aunterd,  ,Rapies,  ,vitchtaker,    ,Lalifov,  ,kinned,         ,iy, ,swue,         ,han,        ,chidbren, ,lelt,
,Tissing,     ,daintler,      ,ilvarticiently, ,alfterd,  ,Radies,  ,visthmaker,    ,Lalifog,  ,kinged,         ,il, ,plue,         ,fas,        ,chidshen, ,leff,
,Tidging,     ,dalseler,      ,ilvarviciently, ,alftese,  ,Ragies,  ,vinksmaker,    ,Lalifob,  ,kimped,         ,ib, ,trub,         ,pas,        ,chidcren, ,lerm,
In ,political, ,disagreements,", M. ",Kelly,", ",journalist,", and M. ",Shaw,", ",MP,", had ",called, ,one," another """,thief,""" and """,liar,"."" They have ",reconciled,.
   ,moriminal, ,deragiouments,     ,Yully,  ,jeasbalist,         ,Braw,  ,  ,      ,colled, ,ine,          ,frief,       ,fiyr,             ,repondeled,
   ,morimilal, ,derasleegents,     ,Yilly,  ,jeanbalist,         ,Shab,  ,  ,      ,cagged, ,ove,          ,theef,       ,tiyr,             ,repondoled,
   ,moridilal, ,derasleemeous,     ,Yolly,  ,juinbalist,         ,Shar,  ,  ,      ,cacked, ,obs,          ,thouf,       ,loas,             ,reponnithm,
   ,moridinal, ,derasleemened,     ,Zolly,  ,juisbalist,         ,Spaw,  ,  ,      ,talled, ,ows,          ,plief,       ,loor,             ,reponnisks,
   ,morivilal, ,derasleemered,     ,Zilly,  ,jeenbalist,         ,Shas,  ,  ,      ,malled, ,onk,          ,thiek,       ,loyr,             ,reponnigns,
   ,morivinal, ,derasleemerts,     ,Jilly,  ,jeesbalist,         ,Shal,  ,  ,      ,falled, ,oms,          ,prief,       ,lios,             ,reponnicts,
   ,moricinal, ,derasleemelle,     ,Jully,  ,jeergelist,         ,Graw,  ,  ,      ,canked, ,ond,          ,drief,       ,liys,             ,reponnicks,
   ,moricilal, ,derasleemence,     ,Yally,  ,jeerbelist,         ,Staw,  ,  ,      ,carred, ,oke,          ,skief,       ,lius,             ,reponnived,
   ,mocovical, ,derasleemeths,     ,Jally,  ,jeercelist,         ,Swaw,  ,  ,      ,canged, ,ote,          ,spief,       ,luas,             ,reponninds,
   ,mocodical, ,derasleemests,     ,Vally,  ,jeerfelist,         ,Traw,  ,  ,      ,cassed, ,ogs,          ,flief,       ,luor,             ,reponnight,
,Women, ,suckling, their ,infants, ,argued, the workers' ,cause, to the ,director, of the ,streetcar, ,lines, in ,Portland,. He ,was, ,unmoved,.
,Wesen, ,pockling,       ,infoned, ,arbupt,              ,capse,        ,dituctar,        ,strealcar, ,lints,    ,Rartland,     ,wam, ,unhaved,
,Gosen, ,mockling,       ,infones, ,argoid,              ,cauze,        ,diluctar,        ,streamcar, ,lones,    ,Portcack,     ,wap, ,unwived,
,Golen, ,mickling,       ,infocks, ,argogs,              ,carcs,        ,dicuctar,        ,streeklar, ,liped,    ,Poilcand,     ,waw, ,unrived,
,Gopen, ,purtling,       ,infends, ,argoch,              ,cauns,        ,dicactar,        ,streakcar, ,linds,    ,Poillack,     ,fas, ,unwotch,
,Gimen, ,pushling,       ,invints, ,argoir,              ,caith,        ,dicictar,        ,streafcar, ,lires,    ,Porklack,     ,ras, ,unwolds,
,Gumen, ,pureling,       ,invares, ,argoks,              ,caims,        ,divattor,        ,streatwar, ,lipes,    ,Posecand,     ,tas, ,unwoped,
,Gemen, ,pungling,       ,invanes, ,argolt,              ,cauce,        ,divastor,        ,streapcar, ,litch,    ,Poselack,     ,das, ,unwoint,
,Wexen, ,pundling,       ,invacks, ,argope,              ,cayst,        ,divactar,        ,streerwar, ,liled,    ,Powncand,     ,wis, ,unwoths,
,Welen, ,pugeling,       ,invands, ,argoil,              ,caubs,        ,divottor,        ,streeflar, ,liles,    ,Poldlack,     ,wos, ,unwogue,
,Wifen, ,puckting,       ,invasts, ,argoft,              ,cauge,        ,divontor,        ,streepwar, ,lired,    ,Poldcand,     ,wal, ,unwoled,
,Evans,", of ",Dunkirk,", ",fired, three ,times, at his ,wife,. Since he ,missed, every ,shot,", he ",decided, to ,aim," at his mother-in-law, and ",connected,.
,Evyss,     ,Runkild,  ,dired,       ,tived,        ,winx,           ,mossed,       ,chot,     ,deroled,    ,amn,                           ,consanted,
,Elast,     ,Dunkeld,  ,fimps,       ,tinch,        ,wirr,           ,midged,       ,shet,     ,demoled,    ,ais,                           ,conganted,
,Elass,     ,Dunkegs,  ,fints,       ,tirks,        ,wizz,           ,mimmed,       ,brot,     ,deloled,    ,aun,                           ,concarted,
,Elats,     ,Dunherk,  ,fiped,       ,simes,        ,wism,           ,minged,       ,crot,     ,depaced,    ,aut,                           ,concassed,
,Etast,     ,Dunhigs,  ,fiked,       ,tirts,        ,dife,           ,mirred,       ,flot,     ,depased,    ,aub,                           ,concanded,
,Etass,     ,Dunhild,  ,fikes,       ,tized,        ,wilm,           ,mirked,       ,stot,     ,depaved,    ,aul,                           ,concanced,
,Etats,     ,Dunhith,  ,fings,       ,tince,        ,wimb,           ,minned,       ,prot,     ,depaged,    ,aud,                           ,concanted,
,Ewass,     ,Runkith,  ,fince,       ,tidge,        ,witz,           ,misked,       ,shon,     ,depamed,    ,ato,                           ,concacked,
,Ewast,     ,Runkigs,  ,fived,       ,tipes,        ,wign,           ,minked,       ,drot,     ,depomed,    ,aph,                           ,concashed,
,Ewats,     ,Runkerk,  ,fidge,       ,tirds,        ,wirl,           ,mithes,       ,twot,     ,depoced,    ,ahl,                           ,concasted,
,Mrs, ,Wilson,", of ",Ealing,", ",failed, to ,reckon, with the ,ardour, of ,Collins,", the laundry's ",owner,. He ,fished, the ,desperate, ,laundress, from the ,Thames,.
,   , ,Wigbon,     ,Eeting,  ,fawled,    ,backon,          ,arcear,    ,Cottins,                ,urner,     ,fimped,     ,digserate, ,lasepress,          ,Thimes,
,   , ,Widbon,     ,Eeping,  ,farred,    ,cackon,          ,arcier,    ,Coppins,                ,uffer,     ,figged,     ,diglerate, ,lasecress,          ,Thaved,
,   , ,Widpon,     ,Ooting,  ,fammed,    ,cockon,          ,arpier,    ,Collost,                ,urper,     ,finked,     ,digcerate, ,lavechess,          ,Thance,
,   , ,Widron,     ,Ooping,  ,fanged,    ,reftun,          ,arpear,    ,Collots,                ,uneer,     ,finned,     ,diggerate, ,larncress,          ,Thaffs,
,   , ,Wigron,     ,Aeping,  ,fassed,    ,reftan,          ,arseur,    ,Colloss,                ,ureer,     ,finged,     ,digmerate, ,lakeshess,          ,Tharks,
,   , ,Wigpon,     ,Aeting,  ,farked,    ,reftod,          ,arsier,    ,Collyss,                ,urter,     ,fimmed,     ,dilderate, ,lawnshess,          ,Thaths,
,   , ,Widsin,     ,Oaping,  ,farged,    ,rerkun,          ,arsear,    ,Collets,                ,useer,     ,sished,     ,dilcerate, ,lapeshess,          ,Thades,
,   , ,Widsan,     ,Oating,  ,fasked,    ,rerkod,          ,arfear,    ,Collats,                ,utser,     ,tished,     ,dilserate, ,lapecless,          ,Thards,
,   , ,Widcon,     ,Ouping,  ,fabbed,    ,rerkan,          ,arfeur,    ,Collass,                ,usser,     ,fashed,     ,dilmerate, ,lasecless,          ,Snames,
,   , ,Widhon,     ,Oeping,  ,fanced,    ,rempod,          ,arfier,    ,Collast,                ,ugeer,     ,ficked,     ,dilberate, ,lalkshess,          ,Whames,
The ,photographer, ,Josh, ,Brown, could not ,get, over the ,death, of his ,wife,. He ,killed, himself in ,York,.
    ,chocurrapher, ,Jong, ,Brold,           ,git,          ,weath,        ,wism,     ,kished,            ,Yoft,
    ,phocurnapher, ,Jonk, ,Brope,           ,ged,          ,deace,        ,wirr,     ,kigged,            ,Yord,
    ,stocurrapher, ,Jont, ,Brorn,           ,gep,          ,deart,        ,winx,     ,kelled,            ,Yerk,
    ,flocurrapher, ,Jish, ,Spown,           ,det,          ,douth,        ,wizz,     ,kinned,            ,Yold,
    ,quocurrapher, ,Jors, ,Slown,           ,tet,          ,deach,        ,dife,     ,kibbed,            ,Yoys,
    ,thocurrapher, ,Jore, ,Brewn,           ,cet,          ,deaks,        ,wira,     ,kirred,            ,Yoil,
    ,spocurrapher, ,Jose, ,Brode,           ,geb,          ,deald,        ,wimb,     ,kimmed,            ,Yoth,
    ,glovilrapher, ,Jone, ,Brolt,           ,ges,          ,deard,        ,witt,     ,kiffed,            ,Yort,
    ,glovignapher, ,Joms, ,Brofs,           ,ger,          ,dearn,        ,wisc,     ,kimped,            ,Yope,
    ,glovigmapher, ,Jole, ,Broft,           ,gew,          ,dooth,        ,wita,     ,kidged,            ,Yoze,
"""If my ",candidate, ,loses,", I will ",kill," myself,"" M. ",Carter,", of ",Norwich,", ",Norfolk,", had ",declared,. He ,killed, himself.
       ,candibent, ,toles,         ,kins,             ,Barler,     ,Norhach,  ,Norfalf,      ,deflired,     ,kigged,
       ,candisent, ,todes,         ,kigs,             ,Balter,     ,Norkech,  ,Norfank,      ,despired,     ,kished,
       ,candigent, ,tuses,         ,kist,             ,Bawner,     ,Norfach,  ,Norfape,      ,decrored,     ,yilled,
       ,candivent, ,teses,         ,kire,             ,Barser,     ,Norfech,  ,Norfamp,      ,debrired,     ,villed,
       ,candifent, ,ledes,         ,kell,             ,Bacher,     ,Norpuch,  ,Norfabs,      ,deprired,     ,kibbed,
       ,cassipate, ,lemes,         ,kirs,             ,Barder,     ,Norcuch,  ,Norfalt,      ,dechired,     ,kinged,
       ,cassikate, ,lewes,         ,kish,             ,Basser,     ,Norcign,  ,Norfarb,      ,destired,     ,kinned,
       ,cassigate, ,leles,         ,kine,             ,Balmer,     ,Norcift,  ,Norfamb,      ,dedlired,     ,kights,
       ,cassisate, ,liles,         ,kibs,             ,Barner,     ,Norcild,  ,Norfafe,      ,deplired,     ,kidged,
       ,cassijate, ,lides,         ,kive,             ,Bancer,     ,Norcibs,  ,Norfait,      ,dethored,     ,kirred,
,Burning, with ,electoral, ,fervour,", ",persons, ,attending, a ,speech, by M. ,Lewis, in ,Salisbury, ,got, into a ,fight,. ,Several, ,were, ,injured,", one ",seriously,.
,Berging,      ,evintural, ,lurvour,  ,perbens, ,aglinding,   ,spouch,       ,Tekis,    ,Savesmery, ,git,        ,fimes,  ,Piteral, ,dere, ,inhired,      ,pehiionly,
,Bensing,      ,elarmiral, ,furdour,  ,pergens, ,abverbing,   ,fleech,       ,Fehis,    ,Savescery, ,gon,        ,fides,  ,Pileral, ,wegs, ,inzired,      ,pehieekly,
,Befting,      ,elalliral, ,furpour,  ,pipsons, ,abvensing,   ,speece,       ,Fewos,    ,Savespery, ,gop,        ,fiffs,  ,Pideral, ,weve, ,inzored,      ,pehieedly,
,Bebting,      ,elallural, ,furnour,  ,pursens, ,abvething,   ,speeks,       ,Fefis,    ,Savesfery, ,fot,        ,fisks,  ,Poderal, ,wems, ,inkired,      ,pehieetly,
,Bewsing,      ,elandiral, ,fursour,  ,purpons, ,abverning,   ,speeth,       ,Fekis,    ,Savecdury, ,wot,        ,fidge,  ,Poseral, ,wers, ,inkored,      ,pehieerly,
,Bencing,      ,elolliral, ,furwour,  ,purdons, ,abvepting,   ,sleech,       ,Fezis,    ,Saveclury, ,gow,        ,fimed,  ,Poteral, ,wene, ,inyored,      ,pehieenly,
,Belking,      ,elollural, ,furfour,  ,purbons, ,abversing,   ,speach,       ,Fejis,    ,Saveccury, ,gom,        ,fived,  ,Moteral, ,wesh, ,inkared,      ,pehiierly,
,Bersing,      ,elormiral, ,furvier,  ,rursons, ,abvemping,   ,speels,       ,Lejos,    ,Salittegy, ,gog,        ,fites,  ,Moseral, ,fere, ,inkyred,      ,pehiienly,
,Belping,      ,erellural, ,furvear,  ,purtons, ,abvedging,   ,greech,       ,Lejus,    ,Salittemy, ,gol,        ,fibes,  ,Moderal, ,wews, ,inryred,      ,pehiiedly,
,Berfing,      ,erelliral, ,furbour,  ,purhons, ,abvenging,   ,treech,       ,Lejas,    ,Salitfemy, ,gos,        ,fince,  ,Miteral, ,wure, ,inmyred,      ,pehiiecly,
On ,Parliament, ,Square,", a ",heated, ,group, of ,voters, ,attempted, to ,roast, an ,effigy, of M. ,Morris,", the ",losing, ,candidate,. They ,were, ,dispersed,.
   ,Markeement, ,Squank,    ,houned, ,groap,    ,viders, ,atlingeed,    ,reast,    ,ebbidy,       ,Murrys,      ,toling, ,candisent,       ,dere, ,dislorsed,
   ,Markaement, ,Squams,    ,houded, ,sloup,    ,vivers, ,atlirched,    ,soast,    ,ebbiby,       ,Murros,      ,liling, ,candibent,       ,weve, ,dispissed,
   ,Marveiment, ,Squags,    ,houred, ,floup,    ,veders, ,atlinched,    ,roust,    ,ecciby,       ,Murrus,      ,liding, ,candigent,       ,wers, ,dispipsed,
   ,Marvoument, ,Squars,    ,toated, ,broup,    ,vaders, ,atlighted,    ,moast,    ,eccidy,       ,Purris,      ,lewing, ,candifent,       ,wems, ,dispiques,
   ,Marviement, ,Squane,    ,teaved, ,spoup,    ,vavers, ,atlitched,    ,hoast,    ,eccify,       ,Porros,      ,leming, ,candivent,       ,wesh, ,dispidged,
   ,Marveament, ,Squave,    ,teamed, ,cloup,    ,vuders, ,atlisched,    ,foast,    ,eggidy,       ,Porrys,      ,leling, ,cassivate,       ,wene, ,dispimmed,
   ,Marweiment, ,Squant,    ,tealed, ,groop,    ,jiters, ,atlirsted,    ,roals,    ,eggify,       ,Porrus,      ,leding, ,cassimate,       ,wegs, ,dispinced,
   ,Marwiement, ,Squast,    ,teaked, ,greep,    ,joders, ,aftirsted,    ,roath,    ,eggiby,       ,Rurris,      ,tusing, ,cassigate,       ,wews, ,dispicked,
   ,Marwooment, ,Squang,    ,teaded, ,groun,    ,jeters, ,aftighted,    ,woast,    ,egnidy,       ,Sorrus,      ,toming, ,cassihate,       ,fere, ,dispinked,
   ,Marweement, ,Thrare,    ,teaned, ,greap,    ,juters, ,aftirched,    ,poast,    ,egniby,       ,Sorros,      ,toding, ,cassiyate,       ,wure, ,dispilles,
,Again, and ,again, ,Mrs, ,Campbell,", of ",Cambridge,", ",was, ,prevented, from ,hanging, herself from her ,window, ,bolt,. ,Exasperated,", she ",fled, across the ,fields,.
,Agics,     ,agics, ,   , ,Cathbews,     ,Cambrepts,  ,wam, ,prelinded,      ,tauzing,                  ,windax, ,boff,  ,Ageccerated,      ,flod,            ,foulds,
,Agism,     ,afake, ,   , ,Cantbews,     ,Cambrexed,  ,wap, ,prelisted,      ,tadding,                  ,windam, ,bort,  ,Agecterated,      ,gred,            ,fieced,
,Agict,     ,afart, ,   , ,Carmbews,     ,Cambrenge,  ,waw, ,prelissed,      ,tarfing,                  ,windap, ,bome,  ,Agecrerated,      ,flyd,            ,fiefed,
,Agike,     ,afail, ,   , ,Cassbews,     ,Cambrenth,  ,fas, ,prelinced,      ,tawning,                  ,windic, ,boch,  ,Agedverated,      ,flid,            ,dields,
,Agive,     ,afags, ,   , ,Cardbews,     ,Cambrench,  ,mas, ,preliched,      ,tadzing,                  ,windix, ,bork,  ,Agedmerated,      ,flud,            ,fieved,
,Afark,     ,afark, ,   , ,Carkbews,     ,Cambrerge,  ,tas, ,prelirmed,      ,tamning,                  ,windip, ,bord,  ,Agexcerated,      ,cred,            ,fieled,
,Afave,     ,afaid, ,   , ,Catebews,     ,Cambrense,  ,wis, ,preliused,      ,tauting,                  ,windim, ,bols,  ,Agexterated,      ,cled,            ,fiewed,
,Afact,     ,afact, ,   , ,Campbome,     ,Cambrelts,  ,wos, ,prelinsed,      ,talfing,                  ,winnaw, ,bope,  ,Agexherated,      ,tred,            ,fiests,
,Afart,     ,afave, ,   , ,Cangbeme,     ,Cambreons,  ,wal, ,prelinged,      ,taising,                  ,wintop, ,boft,  ,Agegnerated,      ,swed,            ,fieked,
,Afail,     ,agict, ,   , ,Cangbert,     ,Camshedge,  ,wab, ,prelifted,      ,tarting,                  ,wintox, ,boin,  ,Agegrerated,      ,pred,            ,tields,
,Furious, that ,someone, ,swiped, his ,catch,", M. ",Mills,", a ",fisherman, of ,Falmouth,", ",Cornwall,", ",nearly, ,killed, the ,seafood, ,fancier,.
,Filiias,      ,soisore, ,swimed,     ,cales,     ,Mives,    ,hosterman,    ,Falbould,  ,Comewace,  ,noodly, ,kished,     ,meagood, ,hennier,
,Filieas,      ,sokeore, ,swimps,     ,camed,     ,Mells,    ,fankerran,    ,Falbeath,  ,Cordwace,  ,nootly, ,kigged,     ,meafoud, ,hengier,
,Filiees,      ,sopsore, ,swinds,     ,cates,     ,Mimps,    ,fasterran,    ,Falcould,  ,Collwace,  ,needly, ,villed,     ,meafead, ,hongier,
,Filioes,      ,solfore, ,priped,     ,cangs,     ,Miped,    ,fasserran,    ,Famnouth,  ,Cothwace,  ,neeply, ,kelled,     ,meafeed, ,honnier,
,Filioos,      ,soneore, ,swints,     ,cotch,     ,Miked,    ,famperran,    ,Famcouth,  ,Cosewace,  ,geagly, ,kibbed,     ,seagoad, ,tennier,
,Filiies,      ,soteore, ,swined,     ,cands,     ,Lills,    ,facherran,    ,Falhooth,  ,Coilwace,  ,geakly, ,kinged,     ,seaguid, ,tengier,
,Filiios,      ,sotsore, ,swists,     ,cades,     ,Dills,    ,fonderran,    ,Falseeth,  ,Conewace,  ,geasly, ,kimmed,     ,seagoed, ,tiscier,
,Fimioos,      ,soirore, ,swiles,     ,caled,     ,Cills,    ,fosterran,    ,Falpould,  ,Collwake,  ,geauly, ,kiffed,     ,seageed, ,tonnier,
,Fimiees,      ,soleore, ,swires,     ,caped,     ,Mized,    ,focherran,    ,Falpeath,  ,Cothwake,  ,geadly, ,kidged,     ,seagoud, ,tongier,
,Fimiias,      ,sownore, ,swiked,     ,caved,     ,Mirge,    ,fomperran,    ,Falwooth,  ,Codgwace,  ,geanly, ,kights,     ,seagead, ,liscier,
The ,city, ,council, of ,Wells, ,voted, in ,favour, of an eight-hour ,day, for the ,police, ,force,. Its ,decision, ,was, ,vetoed, by the ,prefect,.
    ,cery, ,coungol,    ,Wolls, ,jeted,    ,fapear,                  ,dey,         ,potime, ,fochs,      ,pehicion, ,wam, ,velaed,        ,prefake,
    ,bidy, ,coungyl,    ,Wecks, ,jited,    ,fapier,                  ,doy,         ,potike, ,folfs,      ,pehigion, ,waw, ,veload,        ,prefall,
    ,bimy, ,booncil,    ,Weves, ,joded,    ,facear,                  ,duy,         ,potige, ,foits,      ,pehidion, ,wap, ,veleed,        ,prefort,
    ,bily, ,bouncit,    ,Wests, ,juted,    ,facier,                  ,dak,         ,potive, ,forst,      ,pepigion, ,fas, ,veloud,        ,prefome,
    ,biry, ,bouncyl,    ,Weres, ,veded,    ,famier,                  ,dal,         ,potide, ,forbs,      ,pepicion, ,wis, ,veroad,        ,preforn,
    ,bivy, ,boungil,    ,Wends, ,vaved,    ,famear,                  ,daw,         ,potill, ,foids,      ,pepidion, ,wab, ,vereed,        ,prefart,
    ,cumy, ,bounvil,    ,Wents, ,vaded,    ,fasear,                  ,dax,         ,potict, ,foque,      ,pesidion, ,wal, ,veraed,        ,prefath,
    ,cusy, ,bouscil,    ,Wekes, ,vuded,    ,fasier,                  ,dag,         ,potile, ,fowse,      ,pesicion, ,wak, ,veroud,        ,prefale,
    ,cudy, ,boancil,    ,Wewed, ,vived,    ,faseur,                  ,daj,         ,potirt, ,foist,      ,pesigion, ,wes, ,velood,        ,prefame,
    ,culy, ,beancil,    ,Wemps, ,joved,    ,fabear,                  ,dao,         ,polyle, ,foint,      ,pevigion, ,wos, ,jetoud,        ,prefark,
