The ,king, ,died, and ,then, the ,queen, ,died,.
    ,kint, ,wied,     ,quen,     ,sneen, ,wied,
    ,kive, ,dood,     ,thun,     ,wheen, ,dood,
    ,kine, ,fied,     ,thon,     ,freen, ,doud,
    ,kile, ,doud,     ,thep,     ,theen, ,deud,
    ,kims, ,deud,     ,fren,     ,queep, ,doed,
    ,kise, ,doed,     ,swen,     ,sween, ,fied,
    ,kigs, ,dien,     ,plen,     ,skeen, ,dien,
    ,kimp, ,sied,     ,dren,     ,bleen, ,dier,
    ,kire, ,dier,     ,sken,     ,queed, ,sied,
    ,kide, ,mied,     ,scen,     ,queem, ,mied,
,Louis, ,Gaux,", 21, of Levallois-Perret, ",was, ,knifed, by a ,young, ,woman, ,wandering, about by ,night, in the ,military, ,zone,.
,Toois, ,Gaut,                           ,wam, ,knafed,      ,yount, ,wesan, ,werrering,          ,niffs,        ,pesilary, ,zove,
,Teeis, ,Ga/c,                           ,fas, ,knilms,      ,youse, ,welan, ,wissering,          ,nides,        ,pesicary, ,zine,
,Feeis, ,Gaph,                           ,wap, ,knibed,      ,yound, ,wexan, ,worrering,          ,nimes,        ,pemicary, ,zows,
,Feuis, ,Gahs,                           ,waw, ,knisps,      ,youte, ,giman, ,wompering,          ,nirts,        ,pemilary, ,zobs,
,Fieis, ,Gauk,                           ,wes, ,knimbs,      ,youls, ,geman, ,wombering,          ,nikes,        ,pamilary, ,zane,
,Foeis, ,Gais,                           ,wis, ,knirps,      ,youle, ,guman, ,wommering,          ,nived,        ,pamicary, ,zore,
,Feiis, ,Gato,                           ,wos, ,knirch,      ,youst, ,gopan, ,luncering,          ,niled,        ,pasicary, ,zose,
,Faeis, ,Gadj,                           ,wal, ,knixed,      ,yoult, ,gosan, ,lunsering,          ,niped,        ,pasilary, ,zond,
,Foois, ,Gaif,                           ,wab, ,knibes,      ,yourt, ,golan, ,larrering,          ,ninch,        ,posicary, ,zoms,
,Feais, ,Garx,                           ,wak, ,knirls,      ,yourn, ,wipan, ,lassering,          ,nirds,        ,posilary, ,zong,
,Nurse, ,Elise, ,Bachmann,", whose ",day, off ,was, ,yesterday,", ",put, on a ,public, ,display, of ,insanity,.
,Nunge, ,Edire, ,Barsmaxe,        ,dey,     ,wam, ,yestercip,  ,lut,      ,doblic, ,dischey,    ,orhynity,
,Nuced, ,Edint, ,Barsmawk,        ,dag,     ,fas, ,yesterpox,  ,mut,      ,dablic, ,discrey,    ,orhality,
,Nufts, ,Edine, ,Barsmaur,        ,dal,     ,wap, ,yesterpow,  ,sut,      ,pidlic, ,disquey,    ,orhawity,
,Nerse, ,Edick, ,Barsmalm,        ,daw,     ,waw, ,yesterpop,  ,dut,      ,piglic, ,distrey,    ,orhagity,
,Nurns, ,Edind, ,Barsmaul,        ,dax,     ,sas, ,yesterbip,  ,wut,      ,pultic, ,disprey,    ,orhatity,
,Nults, ,Edips, ,Barsmaub,        ,dak,     ,wal, ,yesternip,  ,fut,      ,puptic, ,disgrey,    ,orhacity,
,Nulks, ,Edite, ,Barsmaou,        ,doy,     ,wak, ,yestercop,  ,pum,      ,petlic, ,disthey,    ,orhazity,
,Nurge, ,Edims, ,Barsmaum,        ,duy,     ,wab, ,yestercox,  ,pur,      ,pedlic, ,disphey,    ,orhayity,
,Nurch, ,Edird, ,Barsmaoh,        ,dar,     ,wes, ,yestercow,  ,pux,      ,pemlic, ,disstey,    ,orhanaty,
,Nunce, ,Edids, ,Barsmaow,        ,dav,     ,wis, ,zesterpoy,  ,puh,      ,pudtic, ,misstay,    ,orhabity,
Three ,bears, ,driven, down from the ,heights, of the ,Pyrenees, by ,snow, have been ,decimating, the ,sheep, of the ,valley, of the ,Lys,.
      ,beave, ,friren,               ,houghts,        ,Myretoes,    ,whow,           ,mafiwating,     ,shoop,        ,jallem,        ,Lym,
      ,bours, ,fraven,               ,heighed,        ,Myretias,    ,thow,           ,mafigating,     ,shoup,        ,jallep,        ,Les,
      ,beant, ,slaven,               ,seights,        ,Sycelees,    ,frow,           ,mafizating,     ,breep,        ,jallew,        ,Lus,
      ,beash, ,sliren,               ,heigned,        ,Sycetees,    ,quow,           ,mafipating,     ,shoep,        ,jilley,        ,Lyp,
      ,bease, ,cliren,               ,heighth,        ,Sycenoos,    ,snaw,           ,mafitating,     ,sheap,        ,jolley,        ,Mys,
      ,beirs, ,pliren,               ,reights,        ,Sycenias,    ,drow,           ,mafibating,     ,shoap,        ,vallip,        ,Hys,
      ,lears, ,scaven,               ,leights,        ,Sycenoes,    ,wrow,           ,mafifating,     ,speep,        ,vattey,        ,Pys,
      ,beath, ,sciren,               ,deights,        ,Syceneys,    ,swow,           ,mafirating,     ,sheed,        ,vollem,        ,Sys,
      ,bearn, ,druden,               ,feights,        ,Syceneas,    ,plow,           ,mafinating,     ,shees,        ,vollep,        ,Tys,
      ,beaps, ,dreden,               ,beights,        ,Symetees,    ,snor,           ,mafisating,     ,greep,        ,vollew,        ,Los,
A ,criminal, ,virago,", ",Mlle, ,Tulle,", ",was, ,sentenced, by the ,Rouen, ,court, to 10 years' ,hard, ,labor,", while her ",lover, ,got, five.
  ,bramital, ,wilabo,  ,Phle, ,Tuess,  ,wam, ,muntenced,        ,Roubt, ,sourt,              ,hawn, ,lapar,            ,toder, ,git,
  ,bromital, ,wicabo,  ,Khme, ,Tucca,  ,fas, ,sistenced,        ,Roufs, ,coult,              ,harn, ,tasor,            ,faver, ,gop,
  ,brolinal, ,wilagi,  ,Sphe, ,Tulbs,  ,waw, ,montenced,        ,Rould, ,rourt,              ,hald, ,tapor,            ,fuver, ,gon,
  ,fromital, ,wilafo,  ,Sche, ,Tuchs,  ,wap, ,mentensed,        ,Rourd, ,courd,              ,haff, ,tador,            ,tever, ,wot,
  ,frolinal, ,wilado,  ,Scre, ,Turke,  ,ras, ,menternes,        ,Rourn, ,couls,              ,hace, ,tabir,            ,tuver, ,mot,
  ,framital, ,wirabi,  ,Thre, ,Turgh,  ,das, ,menterres,        ,Roule, ,courn,              ,hape, ,tacor,            ,tiver, ,gor,
  ,gramital, ,wiradi,  ,Shre, ,Tulct,  ,mas, ,menterves,        ,Routh, ,tourt,              ,mard, ,lamir,            ,lirer, ,gom,
  ,grolinal, ,wirafi,  ,Sque, ,Turnt,  ,sas, ,mentesque,        ,Rouls, ,cound,              ,hame, ,ladar,            ,leder, ,gol,
  ,gromital, ,wicafo,  ,Stre, ,Tuave,  ,tas, ,mentennes,        ,Rourt, ,coufs,              ,halk, ,lacar,            ,leter, ,yot,
  ,spamital, ,wicagi,  ,    , ,Tuoys,  ,wis, ,menterged,        ,Rouch, ,couse,              ,hach, ,lasir,            ,lewer, ,goy,
A ,complaint, ,was, ,sworn, by the ,Persian, ,physician, ,Djai, ,Khan, against a ,compatriot, who had ,stolen, from him a ,tiara,.
  ,complelts, ,wam, ,swold,        ,Perdoon, ,skysicead, ,Bhai, ,Rnan,           ,corruquiot,         ,tronen,            ,yaora,
  ,compledge, ,wap, ,swoil,        ,Perdeen, ,phydicead, ,Khai, ,Ptan,           ,corrucriot,         ,troten,            ,yuora,
  ,complepts, ,waw, ,swern,        ,Pergoon, ,glysicead, ,Dnai, ,Dnan,           ,corrustiot,         ,proten,            ,yoora,
  ,complenge, ,fas, ,swoft,        ,Pergean, ,phydicied, ,Xmai, ,Mran,           ,corruphiot,         ,pronen,            ,goora,
  ,complenth, ,cas, ,swolt,        ,Pergeen, ,phydicaed, ,Rnai, ,Bhan,           ,corruchiot,         ,stoman,            ,gaora,
  ,complexed, ,tas, ,swoth,        ,Perdean, ,phydicoud, ,Cpai, ,Cpan,           ,corruthiot,         ,choten,            ,gyora,
  ,complense, ,mas, ,swork,        ,Perbean, ,phydicoad, ,Kvai, ,Kvan,           ,corrugriot,         ,chonen,            ,guora,
  ,complechs, ,ras, ,swoff,        ,Perbeen, ,phydiceid, ,Ptai, ,Xman,           ,corrucliot,         ,shoten,            ,xyora,
  ,compleous, ,sas, ,swort,        ,Pernean, ,phydicoed, ,Czai, ,Psan,           ,corrupliot,         ,shonen,            ,joora,
  ,complerge, ,das, ,swope,        ,Pernoon, ,phydiceed, ,Mrai, ,Czan,           ,corrudriot,         ,tralen,            ,jaora,
A ,dozen, ,hawkers, who had been ,announcing, ,news, of a ,nonexistent, ,anarchist, ,bombing, at the ,Madeleine, have ,been, ,arrested,.
  ,pezen, ,tazzers,              ,anfearting, ,nent,      ,voneqincent, ,anarclors, ,cumbing,        ,Padeliels,      ,boan, ,annensed,
  ,daxen, ,tadeers,              ,anfielding, ,nere,      ,voneqidlent, ,anarfrors, ,buleing,        ,Padeleets,      ,boun, ,annenced,
  ,puzen, ,tathers,              ,anvearting, ,negs,      ,vonexisnist, ,anarbrors, ,burfing,        ,Padeleeze,      ,bien, ,annerged,
  ,rizen, ,tarpers,              ,anvielding, ,nesh,      ,vonejidlent, ,anarquors, ,bukeing,        ,Padeleels,      ,bein, ,annerded,
  ,ruzen, ,tauders,              ,anguilding, ,nend,      ,vonejincent, ,anarspors, ,bugeing,        ,Padelouts,      ,beem, ,annecked,
  ,pizen, ,tarsers,              ,angearting, ,nows,      ,vonefidlent, ,anarblors, ,bulsing,        ,Padeloots,      ,beed, ,annelled,
  ,duyen, ,taspers,              ,angiarding, ,naws,      ,vonefincent, ,anartrors, ,bursing,        ,Padeloats,      ,peen, ,annerted,
  ,duxen, ,tarcers,              ,ansearting, ,neld,      ,vonegidlent, ,anardrors, ,buteing,        ,Padelials,      ,leen, ,anneshed,
  ,ducen, ,tassers,              ,ansuilding, ,nell,      ,vonegincent, ,anarglors, ,burving,        ,Madeneave,      ,beeg, ,annented,
  ,dufen, ,tageers,              ,ansielding, ,nelt,      ,vonepincent, ,anarflors, ,bunding,        ,Madenoots,      ,beel, ,annended,
There ,was, a ,gas, ,explosion, at the ,home, of ,Larrieux,", in ",Bordeaux,. He ,was, ,injured,. His mother-in-law's ,hair, ,caught, on ,fire,. The ,ceiling, ,caved, in.
      ,wam,   ,gar, ,epbrodion,        ,hoth,    ,Tarrieur,     ,Bordough,     ,wam, ,inzored,                      ,hact, ,caunch,    ,fims,      ,caesing, ,baced,
      ,wap,   ,gam, ,epbrocion,        ,hume,    ,Tarrieus,     ,Bordoofs,     ,wap, ,inzired,                      ,haid, ,caunts,    ,fint,      ,coosing, ,babed,
      ,waw,   ,gaw, ,epbrogion,        ,hoff,    ,Tarriefs,     ,Borduilt,     ,waw, ,inyored,                      ,hait, ,caints,    ,fing,      ,beeling, ,based,
      ,fas,   ,gan, ,epbresion,        ,holt,    ,Lannieux,     ,Bordouch,     ,fas, ,inkored,                      ,harf, ,casped,    ,fure,      ,bealing, ,baped,
      ,das,   ,das, ,epscesion,        ,hode,    ,Landieux,     ,Bordoubt,     ,sas, ,inkired,                      ,halm, ,caimed,    ,fipe,      ,boaling, ,bafed,
      ,wes,   ,fas, ,epscodion,        ,hort,    ,Lantieux,     ,Bordeigh,     ,das, ,inhired,                      ,hacs, ,caiths,    ,fike,      ,bouling, ,baded,
      ,wis,   ,gos, ,epscogion,        ,hoys,    ,Larrooed,     ,Bordeign,     ,tas, ,infored,                      ,haim, ,carbed,    ,fide,      ,builing, ,baged,
      ,wab,   ,gak, ,epscocion,        ,hols,    ,Larrooks,     ,Bordeipt,     ,mas, ,infyred,                      ,hahl, ,caults,    ,fime,      ,booling, ,doved,
      ,wal,   ,ges, ,eppresion,        ,hoch,    ,Larroofs,     ,Bordeech,     ,ras, ,infared,                      ,harr, ,caised,    ,fich,      ,cousing, ,dased,
      ,wak,   ,gis, ,epprodion,        ,homp,    ,Larreath,     ,Borbieux,     ,wos, ,inkyred,                      ,harb, ,carged,    ,fids,      ,couping, ,dahed,
Because of his ,poster, ,opposing, the ,strikebreakers,", the ",students, of ,Brest, ,lycée, ,hissed, their ,teacher,", M. ",Litalien,", an ",aide, to the ,mayor,.
               ,raster, ,oscusing,     ,straustreakers,      ,prupents,    ,Brust, ,lyvue, ,hiffed,       ,foucher,     ,Fitalaed,     ,awds,        ,pacor,
               ,saster, ,urmosing,     ,stramptreakers,      ,prudened,    ,Clest, ,lynue, ,hessed,       ,loocher,     ,Fitaleed,     ,affe,        ,pagor,
               ,suster, ,urtosing,     ,strawntreakers,      ,prudends,    ,Brere, ,lymue, ,hidged,       ,loacher,     ,Fitalead,     ,aubs,        ,pabor,
               ,moller, ,ummosing,     ,strafecreakers,      ,prudects,    ,Bregs, ,lyrue, ,himmed,       ,leecher,     ,Fitalood,     ,aive,        ,mafur,
               ,mocher, ,umpasing,     ,stramedreakers,      ,prudetes,    ,Grest, ,lycyx, ,hussed,       ,loucher,     ,Fitaloud,     ,aire,        ,macur,
               ,mosser, ,uspasing,     ,strasecreakers,      ,prudests,    ,Slest, ,lycig, ,hirked,       ,learker,     ,Fitaload,     ,akhs,        ,maxur,
               ,monker, ,uscosing,     ,strasscreakers,      ,prudells,    ,Spest, ,lyciz, ,hinned,       ,learter,     ,Fitaloed,     ,auce,        ,maiur,
               ,monder, ,oscasing,     ,straundreakers,      ,pruments,    ,Flest, ,lycix, ,hirred,       ,foocher,     ,Litaneed,     ,ause,        ,makur,
               ,monter, ,obbasing,     ,strarepleakers,      ,stucants,    ,Shest, ,lycib, ,hinced,       ,fearter,     ,Litanoed,     ,auve,        ,mapur,
               ,mosher, ,oxpading,     ,strarecreakers,      ,stubants,    ,Brist, ,lycik, ,hisked,       ,fearker,     ,Litanead,     ,ault,        ,mawur,
The ,Yodtzes,", of ",Bezons,", ",were, ,somewhat, ,burned, in a ,fire, from which they ,were, ,rescued, by two ,cuirassiers,.
    ,Zoscres,     ,Bewens,  ,dere, ,sothprat, ,burged,      ,fims,                 ,dere, ,resceft,        ,cuecasseurs,
    ,Zochres,     ,Bejens,  ,wers, ,someplut, ,burled,      ,fing,                 ,wems, ,rescech,        ,cuecasseers,
    ,Zostres,     ,Behens,  ,wegs, ,somesput, ,bulked,      ,fint,                 ,weve, ,rescegs,        ,cuecassears,
    ,Kostres,     ,Bezits,  ,wems, ,somedrut, ,bugues,      ,fike,                 ,wegs, ,rescewn,        ,cuecassiars,
    ,Kochres,     ,Befens,  ,wene, ,somegrut, ,bumbed,      ,fipe,                 ,wene, ,rescept,        ,cuepasseurs,
    ,Koscres,     ,Bejots,  ,weve, ,somestut, ,burves,      ,fiss,                 ,wesh, ,rescelt,        ,cuepassiars,
    ,Yiscres,     ,Bejins,  ,wesh, ,somethut, ,burved,      ,fice,                 ,wers, ,rescebs,        ,cuepassears,
    ,Yistres,     ,Bejans,  ,wews, ,soilskat, ,bursed,      ,filt,                 ,fere, ,rescexe,        ,cuepasseers,
    ,Yichres,     ,Behins,  ,fere, ,sorkskat, ,bulped,      ,fith,                 ,wews, ,rescemn,        ,cuypassears,
    ,Yachres,     ,Behans,  ,wure, ,soldsmat, ,buests,      ,fide,                 ,weme, ,rescelf,        ,cuypasseurs,
Ten years' ,hard, ,labor, ,were, ,given, ,Tournour, by the ,court, in ,Nancy,. The ,adolescent, ,killed, a ,traveler, who ,employed, him as ,guide,.
           ,hawn, ,lapar, ,dere, ,geten, ,Fourdour,        ,coult,    ,Ninfy,      ,atotedlent, ,kished,   ,troleter,     ,empliths,        ,guite,
           ,harn, ,tasor, ,wers, ,geden, ,Foursour,        ,sourt,    ,Ningy,      ,atolindent, ,kigged,   ,croveter,     ,empliled,        ,guice,
           ,hape, ,tapor, ,wems, ,goden, ,Fourfour,        ,rourt,    ,Nargy,      ,apotedlent, ,kelled,   ,croleler,     ,emplipts,        ,suide,
           ,hace, ,lamir, ,wene, ,weven, ,Fourcour,        ,tourt,    ,Narby,      ,apolindent, ,kimped,   ,craleter,     ,emplimed,        ,guits,
           ,hald, ,lasar, ,wegs, ,goten, ,Fournier,        ,couls,    ,Narmy,      ,adotondent, ,kidged,   ,stoveter,     ,emplived,        ,buide,
           ,haff, ,lasir, ,weve, ,guten, ,Fournear,        ,courd,    ,Ninsy,      ,adotorlent, ,kinged,   ,stoleler,     ,empliffs,        ,     ,
           ,mard, ,lacar, ,wesh, ,guden, ,Fourlour,        ,courn,    ,Ninby,      ,adocindent, ,kimmed,   ,staleter,     ,emplirms,        ,     ,
           ,haks, ,ladar, ,fere, ,nimen, ,Fourpour,        ,ceart,    ,Ninvy,      ,atoceltent, ,kibbed,   ,braleter,     ,empliged,        ,     ,
           ,harl, ,lanir, ,wews, ,niten, ,Fourbour,        ,coule,    ,Narvy,      ,atoceldent, ,kiffed,   ,broveter,     ,emplipes,        ,     ,
           ,hach, ,lanar, ,wure, ,niren, ,Fourgour,        ,coute,    ,Nardy,      ,atocembent, ,kinned,   ,broleler,     ,empliced,        ,     ,
No ,more, ,briar, ,pipes,. Their ,makers,", in Saint-Claude, have ",stopped, ,work, until they ,are, ,paid, ,better,.
   ,hore, ,triyr, ,piffs,        ,pawers,                        ,stupped, ,woft,            ,ank, ,pasp, ,beller,
   ,mogs, ,chiyr, ,pites,        ,sacers,                        ,stipped, ,woys,            ,ams, ,pait, ,penter,
   ,mone, ,shiyr, ,pirts,        ,sayers,                        ,stolled, ,woil,            ,aws, ,pacs, ,pitter,
   ,mong, ,driyr, ,pived,        ,sawers,                        ,stogged, ,werk,            ,ags, ,parp, ,citter,
   ,mosh, ,spiyr, ,pince,        ,sagers,                        ,stoshed, ,wolt,            ,ane, ,pask, ,catter,
   ,rore, ,sliyr, ,pides,        ,sazers,                        ,stypped, ,woff,            ,ars, ,pabe, ,cester,
   ,mure, ,friyr, ,pimes,        ,saxers,                        ,stapped, ,wope,            ,ave, ,parc, ,center,
   ,mome, ,sciyr, ,pidge,        ,sukers,                        ,stonked, ,woze,            ,ast, ,patt, ,menter,
   ,moch, ,fliyr, ,pimed,        ,ragers,                        ,stoques, ,woth,            ,abs, ,paul, ,mester,
   ,mons, ,pliyr, ,pupes,        ,rayers,                        ,stoised, ,woin,            ,ang, ,palp, ,motter,
A ,thunderstorm, ,interrupted, the ,celebration, in ,Orléans, in ,honor, of ,Joan, of ,Arc, and the 477th ,anniversary, of the ,defeat, of the ,English,.
  ,thunderchank, ,interleller,     ,cicaclation,    ,Uglyans,    ,hovur,    ,Joun,    ,Awk,               ,arfihergagy,        ,degiet,        ,Erdtish,
  ,thunderchabs, ,interlerger,     ,cicathation,    ,Udlyans,    ,hovar,    ,Jeen,    ,Ato,               ,arfiherfagy,        ,degeet,        ,Erktish,
  ,thunderchaws, ,interlencer,     ,cicaplation,    ,Utlyans,    ,hovir,    ,Goan,    ,Aud,               ,arfiherbagy,        ,degout,        ,Eshtish,
  ,thunderchaks, ,interlerner,     ,cicadration,    ,Ublyans,    ,hovyr,    ,Foan,    ,Ahl,               ,arfiherkagy,        ,deguit,        ,Evetish,
  ,thunderchaut, ,interlenser,     ,cicaphation,    ,Uelyans,    ,homyr,    ,Poan,    ,Arx,               ,arfihervagy,        ,degoot,        ,Eretish,
  ,thunderchark, ,interlesser,     ,cicagration,    ,Ullyans,    ,homir,    ,Woan,    ,Aif,               ,arfihermagy,        ,degeit,        ,Elktish,
  ,thunderchail, ,interlerver,     ,cicashation,    ,Uplyans,    ,homur,    ,Soan,    ,Ahs,               ,arfiherdagy,        ,degoat,        ,Enctish,
  ,thunderchake, ,interlecter,     ,cicablation,    ,Uflyans,    ,hodyr,    ,Toan,    ,Aph,               ,arfiperdagy,        ,deheet,        ,Ebbtish,
  ,thunderchags, ,interlenter,     ,cicachation,    ,Uclyans,    ,hodur,    ,Hoan,    ,Ais,               ,arfipergagy,        ,dehout,        ,Erttish,
  ,thunderchaph, ,interledger,     ,cicacration,    ,Umlyans,    ,hodir,    ,Coan,    ,Anc,               ,arfiperbagy,        ,dehoot,        ,Elptish,
In the ,course, of a ,heated, ,political, ,discussion, in ,Propriano,", ",Corsica,", two ",men, ,were, ,killed, and two ,wounded,.
       ,coulds,      ,houded, ,pocodinal, ,densussion,    ,Pritriaci,  ,Comrira,      ,mep, ,dere, ,kished,         ,gouched,
       ,counge,      ,houned, ,pocodilal, ,denfussion,    ,Pritriaca,  ,Comdira,      ,ren, ,weve, ,kigged,         ,gousted,
       ,sourse,      ,houred, ,pococilal, ,dencossion,    ,Pritriabi,  ,Combira,      ,mun, ,wegs, ,yilled,         ,gourted,
       ,coults,      ,feited, ,pococinal, ,dencassion,    ,Pritriaba,  ,Comfira,      ,mon, ,wers, ,villed,         ,gouthed,
       ,courge,      ,fouted, ,pocovinal, ,dencession,    ,Pritriasa,  ,Comnira,      ,mer, ,wems, ,kinged,         ,goulded,
       ,courns,      ,foated, ,pocovilal, ,distorsion,    ,Pritriasi,  ,Comcira,      ,med, ,wesh, ,kibbed,         ,goussed,
       ,rourse,      ,feaned, ,pocomilal, ,disdarsion,    ,Pritriaza,  ,Commira,      ,mes, ,wene, ,kinned,         ,gounted,
       ,counce,      ,feaved, ,pocominal, ,disdorsion,    ,Pritriazi,  ,Colvice,      ,mem, ,wews, ,kimmed,         ,gounged,
       ,courth,      ,fealed, ,povevilal, ,disdinsion,    ,Pritriapi,  ,Colvicu,      ,len, ,fere, ,kirred,         ,woosted,
       ,courds,      ,feaked, ,povevinal, ,disdirsion,    ,Pritriapa,  ,Colvico,      ,cen, ,wemp, ,kights,         ,wooshed,
,Clash, in the ,street, between the ,municipal, ,powers, of ,Vendres,", ",Hérault,", and the ",party, of the ,opposition,. Two ,constables, ,were, ,injured,.
,Grash,        ,streat,             ,rupidikal, ,pumers,    ,Verthed,  ,Furault,          ,pangy,        ,ulmesition,      ,corswasles, ,dere, ,inyored,
,Clare,        ,streed,             ,rupidibal, ,pimers,    ,Velfths,  ,Rurault,          ,panvy,        ,uldesition,      ,corswaphes, ,wems, ,inhired,
,Clant,        ,screet,             ,rupidiwal, ,solers,    ,Vengths,  ,Durault,          ,sarsy,        ,ulcesition,      ,corswabres, ,weve, ,inkored,
,Clate,        ,squeet,             ,rupidival, ,somers,    ,Velshed,  ,       ,          ,sargy,        ,ulsesition,      ,corswafles, ,wesh, ,inkired,
,Clale,        ,spleet,             ,rupidizal, ,sorers,    ,Velched,  ,       ,          ,sarby,        ,ummesition,      ,corswathes, ,wers, ,inzired,
,Clars,        ,threet,             ,rupidijal, ,sosers,    ,Verched,  ,       ,          ,sarny,        ,umsesition,      ,corswatles, ,wene, ,inzored,
,Clane,        ,spreet,             ,rupididal, ,sopers,    ,Venched,  ,       ,          ,sarmy,        ,umresition,      ,corswagres, ,wegs, ,inhared,
,Clake,        ,streeg,             ,rupividal, ,molers,    ,Vetched,  ,       ,          ,margy,        ,ufresition,      ,corswapres, ,wews, ,inwired,
,Clabs,        ,      ,             ,rupivival, ,momers,    ,       ,  ,       ,          ,marby,        ,uflesition,      ,corswagles, ,fere, ,inryred,
,Clags,        ,      ,             ,rupivijal, ,mopers,    ,       ,  ,       ,          ,marsy,        ,uxcesition,      ,corswashes, ,weff, ,inkyred,
The ,fever,", of ",military, ,origin,", that is ",raging, in ,Rouillac,", ",Charente,", is ",getting, ,worse, and ,spreading,. ,Preventative, ,measures, have ,been, ,taken,.
    ,teber,     ,pasicary, ,orifod,          ,puging,    ,Rourtcac,  ,Trarense,     ,wotting, ,woins,     ,squearing,  ,Predencatose, ,moolures,      ,boan, ,lajen,
    ,terer,     ,pasilary, ,orifad,          ,piging,    ,Roustcac,  ,Trarerce,     ,nutting, ,werse,     ,threaring,  ,Predencatond, ,sousures,      ,boun, ,lazen,
    ,teser,     ,pamilary, ,oridad,          ,miging,    ,Rouldcac,  ,Traremns,     ,notting, ,wowns,     ,sprouring,  ,Predencatorm, ,moulures,      ,bein, ,fahen,
    ,tecer,     ,pamicary, ,oridod,          ,suging,    ,Rourncac,  ,Trarende,     ,nitting, ,worge,     ,scrooding,  ,Predencatots, ,moamures,      ,bien, ,fazen,
    ,leber,     ,pemicary, ,oribod,          ,siging,    ,Routhcac,  ,Trareois,     ,natting, ,wowls,     ,screaring,  ,Predencatome, ,moalures,      ,beem, ,fawen,
    ,leser,     ,pemilary, ,oribad,          ,sacing,    ,Roungcac,  ,Trarette,     ,nenting, ,wolts,     ,screaking,  ,Predencatore, ,moakures,      ,beed, ,fajen,
    ,lecer,     ,pesicary, ,unidin,          ,sabing,    ,Rousscac,  ,Trareged,     ,gisting, ,worns,     ,screating,  ,Predencatows, ,moapures,      ,leen, ,fayen,
    ,lerer,     ,pesilary, ,unibin,          ,dacing,    ,Roostlac,  ,Trarenth,     ,gasting, ,wolks,     ,screeding,  ,Predencatois, ,meekures,      ,peen, ,lahen,
    ,herer,     ,posilary, ,unimin,          ,dabing,    ,Roochlac,  ,Trarechs,     ,gunting, ,wofts,     ,threeding,  ,Predencatope, ,meelures,      ,beeg, ,layen,
    ,heger,     ,posicary, ,unigid,          ,daying,    ,Rooselac,  ,Trarerve,     ,gusting, ,woyed,     ,threaking,  ,Predencatone, ,meepures,      ,heen, ,lawen,
In the ,second, ,arrondissement,", 27 ",violations, have ,been, ,charged, in three ,days, against ,cabdrivers, who ,demanded, ,excessive, ,tips, up ,front,.
       ,sicops, ,arroncindemals,     ,huucations,      ,boan, ,chalves,          ,dake,         ,cabscamers,     ,delested, ,excorrive, ,mips,    ,snont,
       ,sicosh, ,arroncindemacs,     ,huutations,      ,boun, ,charves,          ,dade,         ,cabslamers,     ,deleshed, ,excarrive, ,fips,    ,frant,
       ,sicote, ,arroncindemize,     ,huunations,      ,bien, ,charled,          ,dape,         ,cabblamers,     ,delected, ,excurrive, ,tids,    ,frong,
       ,sicont, ,arroncindemics,     ,huurations,      ,bein, ,chasked,          ,dass,         ,cauchovers,     ,dedenced, ,expissism, ,teps,    ,frosh,
       ,sicore, ,arroncingemize,     ,nuurations,      ,beed, ,chalped,          ,dain,         ,cauthigers,     ,dederted, ,expissize, ,tive,    ,frose,
       ,sicord, ,arroncingemics,     ,nuucations,      ,beem, ,chalved,          ,daim,         ,cauthovers,     ,dedected, ,expassism, ,tish,    ,frote,
       ,sicose, ,arroncingemacs,     ,nuunations,      ,beeg, ,chasped,          ,daks,         ,caubrovers,     ,dederded, ,expassize, ,tirs,    ,frome,
       ,sizond, ,arroncingemals,     ,nuutations,      ,peen, ,chawned,          ,dasm,         ,caubrigers,     ,dedeshed, ,extussize, ,tibs,    ,fronk,
       ,sixond, ,arroncinlemals,     ,fuutations,      ,leen, ,chambed,          ,dath,         ,cagstigers,     ,dedested, ,extussism, ,tims,    ,frobs,
       ,segont, ,arroncinlemacs,     ,fuurations,      ,heen, ,chaught,          ,dair,         ,cagstovers,     ,dedented, ,esdissive, ,tise,    ,frole,
,Yesterday,", in the ",streets, of ,Paris,", ",cars, ,killed, ,Mme, ,Resche, and M. P. ,Chaverrais, and ,gravely, ,wounded, ,Mlle, ,Fernande, ,Tissedre,.
,Yestercip,         ,streats,    ,Sanis,  ,cors, ,kigged, ,Gwe, ,Reppes,           ,Chavertunk,     ,blaftly, ,weethed, ,Sphe, ,Ferdaphs, ,Tissosks,
,Xesterdip,         ,screets,    ,Manis,  ,cank, ,kished, ,Sve, ,Repths,           ,Chavertult,     ,blalfly, ,weeched, ,Phle, ,Ferdalfs, ,Tissolts,
,Xesterdox,         ,threets,    ,Ponis,  ,cags, ,villed, ,Cze, ,Reorge,           ,Chavertuan,     ,blalkly, ,wooshed, ,Khme, ,Ferdaust, ,Tissorch,
,Xesterdow,         ,squeets,    ,Salis,  ,cack, ,yilled, ,Dwe, ,Rempts,           ,Chavertuay,     ,bladgly, ,wooched, ,Sche, ,Ferdahed, ,Tissowls,
,Xesterdop,         ,spleets,    ,Satis,  ,rars, ,kelled, ,Phe, ,Rength,           ,Chavertubs,     ,blanely, ,woothed, ,Thre, ,Ferdauce, ,Tissoths,
,Xesterpoy,         ,streeps,    ,Sasis,  ,cate, ,kights, ,Wre, ,Rèche,           ,Chavertuft,     ,blaudly, ,woosted, ,Shre, ,Ferdaugh, ,Tissowth,
,Xestercoy,         ,streens,    ,Samis,  ,cale, ,kimped, ,Ske, ,Rekked,           ,Chavertual,     ,blarply, ,woented, ,Sque, ,Ferdaied, ,Tissoise,
,Zesterdow,         ,streeds,    ,Sarir,  ,cang, ,kinged, ,Twe, ,Relfth,           ,Chavertuch,     ,blafely, ,wiested, ,Scre, ,Ferdamme, ,Tissoque,
,Zesterdox,         ,spreets,    ,Suris,  ,cass, ,kibbed, ,Sme, ,Ressrs,           ,Chavertues,     ,blaskly, ,weathed, ,Stre, ,Ferdault, ,Tissoits,
,Zesterdop,         ,streers,    ,Soris,  ,cand, ,kiffed, ,Kne, ,Rêtes,           ,Chavertump,     ,blawdly, ,weashed, ,    , ,Ferdasks, ,Tissorld,
Due to their ,ardor, during ,audits, and ,polls,", some ",congregants, and a ,voter, have ,been, ,sentenced,", in ",Cholet, and Saint-Girons.
             ,arsar,        ,aumots,     ,poves,       ,constebance,       ,vuder,      ,boan, ,muntenced,     ,Stolel,
             ,anror,        ,afrits,     ,pored,       ,constebints,       ,veder,      ,boun, ,sistenced,     ,Stolit,
             ,anbor,        ,avrits,     ,ponts,       ,constedance,       ,vider,      ,bein, ,dontenced,     ,Stotet,
             ,anhor,        ,awgits,     ,ponks,       ,constedints,       ,viver,      ,bien, ,duntenced,     ,Stonet,
             ,arnar,        ,awrits,     ,poped,       ,constegence,       ,vaver,      ,beed, ,montenced,     ,Brotet,
             ,arpar,        ,awwits,     ,pones,       ,conthebance,       ,vader,      ,beem, ,mentennes,     ,Bronet,
             ,ancor,        ,awfits,     ,pomps,       ,conthebints,       ,joder,      ,beeg, ,mentesque,     ,Brolit,
             ,anwor,        ,axwits,     ,powed,       ,conthedance,       ,jiter,      ,leen, ,mentedged,     ,Brolel,
             ,anfor,        ,axgits,     ,pells,       ,conthedints,       ,juter,      ,peen, ,mentedths,     ,Grotet,
             ,anpor,        ,axfits,     ,pylls,       ,conthegence,       ,jeter,      ,heen, ,mentenged,     ,Gronet,
The ,May, ,Day, ,celebration, in ,Lorient, ,was, ,noisy,", but not a ",hint, of ,violence, ,gave, the ,slightest, ,cause, for ,police, ,intervention,.
    ,Mab, ,Doy, ,cucaclation,    ,Loliene, ,wam, ,nicty,            ,hent,    ,wiolists, ,gane,     ,slatchest, ,carcs,     ,polyll, ,inderwoltion,
    ,Max, ,Dak, ,cucastation,    ,Lotiene, ,fas, ,nizzy,            ,hing,    ,wionance, ,gaws,     ,spitchest, ,cauce,     ,polyle, ,inderwostion,
    ,Mal, ,Dax, ,cucaplation,    ,Lotiend, ,waw, ,nimey,            ,hite,    ,vionants, ,gabs,     ,spightets, ,cault,     ,polyme, ,inderwoition,
    ,Mak, ,Dal, ,cucatration,    ,Lotiere, ,wap, ,nirly,            ,hibs,    ,viotynes, ,gant,     ,spilthest, ,caphs,     ,potige, ,inderwoction,
    ,Tay, ,Daw, ,cucapration,    ,Loroosh, ,wos, ,nigny,            ,hine,    ,viotysts, ,gare,     ,spirthest, ,caltz,     ,potide, ,inderwortion,
    ,Cay, ,Dag, ,cucacration,    ,Loroose, ,wak, ,nispy,            ,himp,    ,viotored, ,gank,     ,spirstest, ,cadds,     ,potirt, ,inderwoption,
    ,Moy, ,Dey, ,cucablation,    ,Loleant, ,wab, ,nisky,            ,hish,    ,viotonts, ,gast,     ,spingeest, ,capps,     ,potile, ,inderwottion,
    ,Muy, ,Duy, ,cucathation,    ,Loliere, ,wal, ,nikey,            ,hise,    ,viotones, ,gase,     ,spirchest, ,canns,     ,potill, ,inderwoftion,
    ,Miy, ,Tay, ,cucaflation,    ,Loliend, ,wis, ,ninsy,            ,hink,    ,viotosts, ,gams,     ,spilchest, ,cauve,     ,potive, ,inderwirtion,
    ,Mai, ,Das, ,cucadration,    ,Toriere, ,wes, ,nipey,            ,hile,    ,viotanes, ,gake,     ,spimpsest, ,cabcs,     ,potike, ,inderwiltion,
During a ,scuffle, in ,Grenoble,", three ",demonstrators, ,were, ,arrested, by the ,brigade,", who ",were, ,hissed, by the ,crowd,.
         ,sliffle,    ,Blenowls,        ,detarstratars, ,dere, ,armorked,        ,cridade,      ,dere, ,hessed,        ,crohl,
         ,slaffle,    ,Blenogne,        ,detarstraters, ,wegs, ,armorsed,        ,crigide,      ,wegs, ,hiffed,        ,cronx,
         ,driffle,    ,Blenoire,        ,detanschaters, ,wems, ,armoiled,        ,crigale,      ,wers, ,hidged,        ,croif,
         ,draffle,    ,Blenodge,        ,detanschatars, ,weve, ,armodged,        ,crigads,      ,wems, ,himmed,        ,crodd,
         ,droffle,    ,Blenorne,        ,detanstratent, ,wene, ,armopted,        ,crigall,      ,weve, ,hirred,        ,crowe,
         ,fraffle,    ,Blenoche,        ,detanstratete, ,wesh, ,armoched,        ,crigaws,      ,wene, ,hirked,        ,crohs,
         ,froffle,    ,Blenorce,        ,detanstratint, ,wers, ,armonded,        ,crigaps,      ,wesh, ,hinned,        ,growd,
         ,friffle,    ,Blenorge,        ,detanstratite, ,wews, ,armorged,        ,crigace,      ,wews, ,hussed,        ,cronj,
         ,sloffle,    ,Blenorth,        ,detanstratute, ,fere, ,armonged,        ,crigams,      ,fere, ,hossed,        ,crohm,
         ,ploffle,    ,Blenozed,        ,detanstratant, ,wess, ,armolled,        ,crifade,      ,wure, ,hights,        ,crohn,
The ,recalled, ,mayor, of ,Montigny,", his ",wife,", and a ",member, of the ,municipal, ,council, have ,been, ,sentenced, to ,prison, for strike-related ,offenses,.
    ,repilled, ,pagor,    ,Rantithy,      ,wism,        ,mubber,        ,rupumipal, ,coungyl,      ,boun, ,sistenced,    ,prenon,                    ,occinses,
    ,reselled, ,pabor,    ,Rantiply,      ,wizz,        ,messer,        ,rupamipal, ,coungol,      ,boan, ,muntenced,    ,prowon,                    ,ogginses,
    ,resolled, ,pacor,    ,Rantichy,      ,winx,        ,mobber,        ,rupacidal, ,coancyl,      ,bein, ,duntenced,    ,proron,                    ,oggedges,
    ,redelled, ,saior,    ,Rantigly,      ,wirr,        ,romber,        ,rupacikal, ,coancit,      ,bien, ,dontenced,    ,pronon,                    ,oggemnes,
    ,relapped, ,sabor,    ,Rantiphy,      ,wimb,        ,somber,        ,rupacizal, ,coangil,      ,beem, ,runtenced,    ,pralon,                    ,oggenges,
    ,relacked, ,sacor,    ,Rantitry,      ,witt,        ,serber,        ,rupacijal, ,coanvil,      ,beed, ,rontenced,    ,praron,                    ,oggempes,
    ,relassed, ,sawor,    ,Rantifly,      ,wibe,        ,sewber,        ,rupaciwal, ,ceanvil,      ,leen, ,pentersed,    ,pramon,                    ,oggeptes,
    ,relained, ,sapor,    ,Rantiquy,      ,wiln,        ,sedber,        ,rupacibal, ,ceancit,      ,peen, ,penternes,    ,praton,                    ,oggerbes,
    ,relashed, ,saxor,    ,Rantisty,      ,witz,        ,sepber,        ,rupacival, ,ceancyl,      ,beeg, ,pentemned,    ,pruron,                    ,oggernes,
    ,relolled, ,samor,    ,Sentichy,      ,wipa,        ,segber,        ,rupivibal, ,ceangil,      ,beek, ,penterced,    ,prunon,                    ,oggelles,
"D., of the 8th ",Colonial, ,Régiment,", ",Toulon,", who ",incited, ,inmates, to ,riot, in the ,correctional, ,barracks,", has ",been, ,given, 60 ,days, in ,jail,.
               ,Dicorial, ,Myhiment,  ,Tooton,      ,invuned, ,inmened,    ,piol,        ,cormissional, ,carrocks,      ,boun, ,goden,    ,dade,    ,jain,
               ,Dicovial, ,Mybiment,  ,Fouton,      ,invoned, ,inments,    ,piut,        ,compintional, ,carraned,      ,boan, ,geden,    ,dake,    ,jart,
               ,Dicosial, ,Mypiment,  ,Foolon,      ,innoned, ,inmerns,    ,riul,        ,compictiolal, ,carracts,      ,bien, ,geten,    ,dain,    ,jark,
               ,Diconaal, ,Mykiment,  ,Feelon,      ,innuned, ,inmerse,    ,siut,        ,compictiocal, ,carrades,      ,bein, ,guden,    ,dape,    ,jawl,
               ,Diconiac, ,Mysiment,  ,Teeton,      ,inguned, ,inmests,    ,siol,        ,compictianal, ,carrares,      ,beem, ,guten,    ,dass,    ,jaze,
               ,Diconiar, ,Mywiment,  ,Leelon,      ,ingoned, ,inmects,    ,siat,        ,compistional, ,carrasts,      ,beed, ,goten,    ,doys,    ,jawn,
               ,Diconiam, ,Mydiment,  ,Loolon,      ,infoned, ,inmerks,    ,suot,        ,compantional, ,carralls,      ,beeg, ,weven,    ,duys,    ,jarm,
               ,Diconiad, ,Myfiment,  ,Louton,      ,infuned, ,inmemes,    ,ruol,        ,compartional, ,carrants,      ,peen, ,gelen,    ,dach,    ,jame,
               ,Dicotial, ,Myziment,  ,Teulan,      ,insuned, ,inmence,    ,ruat,        ,compactianal, ,carrates,      ,leen, ,gesen,    ,darp,    ,jath,
               ,Dicofial, ,Myjiment,  ,Teuson,      ,insoned, ,inmenes,    ,ruut,        ,compactiocal, ,carranes,      ,teen, ,gewen,    ,dalk,    ,jarn,
The ,Finance, ,Minister, has ,recommended, to ,tax, ,collectors, in ,Toulon, that they ,be, ,lenient, with ,taxpayers, ,adversely, ,affected, by ,strikes,.
    ,Finives, ,Maritter,     ,repombusted,    ,rax, ,cottoctors,    ,Tooton,           ,bi, ,newiele,      ,taxcoxers, ,adliquely, ,abbucted,    ,strimps,
    ,Linalls, ,Marinter,     ,repombussed,    ,tox, ,cottactors,    ,Fouton,           ,bu, ,newiend,      ,taxcucers, ,adlinctly, ,abbended,    ,strints,
    ,Linacts, ,Maricter,     ,repomburged,    ,tac, ,collettyst,    ,Teeton,           ,le, ,newieth,      ,taxcexers, ,adlightly, ,abbested,    ,strinds,
    ,Finiles, ,Parister,     ,repombucted,    ,tak, ,collettass,    ,Feelon,           ,te, ,newiels,      ,taxtoxers, ,aydensely, ,abbenced,    ,strimed,
    ,Finills, ,Pininder,     ,repombucked,    ,fax, ,collettast,    ,Foolon,           ,ce, ,newieds,      ,teblayers, ,aydencely, ,abbented,    ,stritch,
    ,Finised, ,Pininger,     ,repombursed,    ,hax, ,collettust,    ,Leelon,           ,de, ,newiege,      ,lakcayers, ,aydexedly, ,abberted,    ,strires,
    ,Ficonce, ,Pinidler,     ,repombupted,    ,tav, ,collettuss,    ,Louton,           ,ge, ,newiess,      ,lakbayers, ,aydenthly, ,abbicted,    ,strined,
    ,Ficence, ,Sarister,     ,repombarted,    ,tau, ,collestast,    ,Loolon,           ,fe, ,newiers,      ,laknayers, ,aydeously, ,abbacted,    ,striles,
    ,Fidonce, ,Sinidler,     ,repombacked,    ,tah, ,collestass,    ,Feilon,           ,qe, ,newiene,      ,laklayers, ,aylenthly, ,agnacted,    ,striked,
    ,Fidades, ,Sininder,     ,repombaphed,    ,taj, ,collestuss,    ,Faelon,           ,ze, ,newieve,      ,laflayers, ,aylencely, ,agnenced,    ,strites,
After ,finding, a ,suspect, ,device, on his ,doorstep,", ",Friquet,", a ",printer, in ,Aubusson,", ",filed, a ,complaint, against ,persons, ,unknown,.
      ,lilling,   ,suslact, ,devole,        ,roolstep,  ,Dribret,    ,trenter,    ,Abdasson,  ,fipes,   ,compledge,         ,perbens, ,unsworm,
      ,linging,   ,suscact, ,devome,        ,doonflep,  ,Drigret,    ,trunter,    ,Abfasson,  ,faled,   ,complenge,         ,pergens, ,unprorm,
      ,lithing,   ,suldect, ,devaws,        ,deamstep,  ,Dritret,    ,trither,    ,Abhasson,  ,fitch,   ,complexed,         ,pursens, ,unbrorm,
      ,fanking,   ,pospect, ,devact,        ,deasstep,  ,Drichet,    ,trirter,    ,Abvasson,  ,firts,   ,complenth,         ,purbons, ,unscorm,
      ,fathing,   ,subsect, ,devall,        ,deakstep,  ,Clitret,    ,trisser,    ,Aghasson,  ,fimes,   ,complepts,         ,purpons, ,unthorm,
      ,fanging,   ,subdect, ,devake,        ,deetstep,  ,Clichet,    ,tridger,    ,Agfasson,  ,fides,   ,complelts,         ,purdons, ,unblorm,
      ,fosting,   ,submect, ,devart,        ,deekstep,  ,Cligret,    ,trinker,    ,Agwasson,  ,fimed,   ,compleous,         ,pipsons, ,uncrorm,
      ,fonging,   ,susbact, ,devort,        ,deelstep,  ,Clibret,    ,tricher,    ,Abfosson,  ,fites,   ,compleons,         ,mursons, ,unslorm,
      ,lirting,   ,suspipt, ,desuce,        ,deedstep,  ,Driphet,    ,triller,    ,Abnosson,  ,fidge,   ,complelle,         ,merwons, ,unplogs,
      ,lilding,   ,suspigs, ,decuce,        ,poolstep,  ,Driflet,    ,trilder,    ,Abdosson,  ,fiffs,   ,complerne,         ,merhons, ,unplorm,
A ,dishwasher, from ,Nancy,", ",Vital, ,Frérotte,", who had ",just, ,come, ,back, from ,Lourdes, ,cured, ,forever, of ,tuberculosis,", ",died, ,Sunday, by ,mistake,.
  ,deckdasher,      ,Ninfy,  ,Jilal, ,Spyrotte,          ,jums, ,coth, ,bads,      ,Louache, ,sured, ,teraver,    ,tugerfolomas,  ,wied, ,Ponday,    ,mistith,
  ,deckwaster,      ,Ningy,  ,Vitit, ,Spurotte,          ,jist, ,coff, ,baws,      ,Louldst, ,cuped, ,teremer,    ,tugerfolomos,  ,dood, ,Denday,    ,mistics,
  ,destwaster,      ,Nargy,  ,Jical, ,Knurotte,          ,jurs, ,cort, ,bave,      ,Lourths, ,cuked, ,terexer,    ,tugerfolomus,  ,doud, ,Donday,    ,mistict,
  ,destdasher,      ,Narby,  ,Jiral, ,        ,          ,jure, ,cole, ,babs,      ,Loughed, ,cunks, ,tereyer,    ,tugerfolonos,  ,doed, ,Sunguy,    ,mistice,
  ,dewsdasher,      ,Narmy,  ,Jitol, ,        ,          ,jubs, ,comp, ,baps,      ,Loursed, ,cunes, ,terewer,    ,tugerfolonas,  ,deud, ,Sungap,    ,mistile,
  ,dewsvasher,      ,Nardy,  ,Jitat, ,        ,          ,jull, ,coss, ,bams,      ,Lourged, ,cukes, ,tereger,    ,tugerfolobus,  ,fied, ,Suncuy,    ,mistild,
  ,dewswaster,      ,Narny,  ,Jitul, ,        ,          ,jush, ,coch, ,bach,      ,Lourned, ,custs, ,horaxer,    ,tugerfololus,  ,dien, ,Suncap,    ,mistive,
  ,derewaster,      ,Narsy,  ,Jitil, ,        ,          ,junt, ,coys, ,bape,      ,Lounced, ,cunds, ,horayer,    ,tugerfololos,  ,mied, ,Sunnuy,    ,mistill,
  ,deredasher,      ,Narvy,  ,Jibal, ,        ,          ,jung, ,coze, ,baft,      ,Louthed, ,cumps, ,horaker,    ,tugerfololas,  ,sied, ,Sunnap,    ,mistoff,
  ,dethwaster,      ,Ninby,  ,Jipal, ,        ,          ,jast, ,coft, ,baks,      ,Louched, ,rured, ,horawer,    ,tugerfolodos,  ,dier, ,Suntoy,    ,mistole,
On the ,bowling, ,lawn, a ,stroke, ,leveled, M. ,André,", 75, of ",Levallois,. While his ,ball, was ,still, ,rolling, he ,was, no ,more,.
       ,bephing, ,laft,   ,strole, ,lecoled,    ,Ardru,         ,Fevallelm,            ,bads,     ,stell, ,rithing,    ,wam,    ,mone,
       ,bensing, ,lart,   ,strote, ,lesaled,    ,Anstu,         ,Fevalleth,            ,bams,     ,stist, ,rinting,    ,waw,    ,mogs,
       ,bessing, ,lape,   ,strose, ,lesiled,    ,Anghu,         ,Fevallegm,            ,baws,     ,stire, ,rissing,    ,wap,    ,hore,
       ,berfing, ,lalt,   ,stross, ,lemiled,    ,Ansku,         ,Fevallell,            ,baps,     ,stigs, ,runging,    ,fas,    ,mong,
       ,bebbing, ,larn,   ,strond, ,lebiled,    ,Anchu,         ,Fevallede,            ,bave,     ,stins, ,runting,    ,sas,    ,mosh,
       ,bewding, ,lail,   ,streke, ,lepaled,    ,Anclu,         ,Fevallele,            ,babs,     ,stoll, ,russing,    ,wos,    ,rore,
       ,belfing, ,laff,   ,stroth, ,tevense,    ,Anpru,         ,Fevallese,            ,bant,     ,stull, ,runking,    ,wak,    ,momp,
       ,bemping, ,larm,   ,stroch, ,tevemns,    ,Anspu,         ,Fevallesk,            ,lall,     ,styll, ,rurting,    ,wal,    ,mors,
       ,beoping, ,lalk,   ,stroys, ,teverns,    ,Anflu,         ,Fevallews,            ,baze,     ,stips, ,ruthing,    ,wab,    ,moch,
       ,berming, ,larl,   ,strosh, ,teverge,    ,Ancru,         ,Fevallern,            ,bame,     ,stive, ,rudging,    ,wes,    ,mose,
,Finding, her ,son,", ",Hyacinthe,", 69, ",hanged,", ",Mme, ,Ranvier,", of Bussy-Saint-Georges, ",was, ,so, ,depressed, she could not ,cut, him down.
,Fanking,     ,san,  ,Llacimmed,      ,hanned,  ,Sve, ,Ranfeer,                          ,wam, ,ro, ,deprished,               ,sut,
,Fanging,     ,mon,  ,Llacische,      ,hanked,  ,Cze, ,Ranfoor,                          ,waw, ,sa, ,deprights,               ,fut,
,Fathing,     ,som,  ,Llacirths,      ,habbed,  ,Gwe, ,Ranloor,                          ,wap, ,su, ,deprained,               ,mut,
,Fonging,     ,sor,  ,Llacingue,      ,hamped,  ,Dwe, ,Ranlior,                          ,fas, ,co, ,depracked,               ,wut,
,Fosting,     ,fon,  ,Khacingue,      ,hached,  ,Phe, ,Ranlear,                          ,das, ,sy, ,detlissed,               ,dut,
,Linging,     ,hon,  ,Khacische,      ,haffed,  ,Gle, ,Ranleer,                          ,tas, ,vo, ,desmissed,               ,lut,
,Lithing,     ,sog,  ,Khacirths,      ,hassed,  ,Twe, ,Ranlaar,                          ,mas, ,yo, ,desmassed,               ,cet,
,Lilling,     ,lon,  ,Khacimmed,      ,manged,  ,Sme, ,Ranloar,                          ,wes, ,jo, ,dedhussed,               ,cit,
,Lirting,     ,pon,  ,Klacigued,      ,harned,  ,Ske, ,Ranlour,                          ,wis, ,  , ,dedhissed,               ,cun,
,Liching,     ,sok,  ,Klacische,      ,hawled,  ,Kne, ,Ranfour,                          ,wos, ,  , ,dedhassed,               ,cug,
,Hanging, on to the ,door,", a ",traveler, a ,tad, ,overweight, ,caused, his ,carriage, to ,topple,", in ",Ménilmontant,", and ",fractured, his ,skull,.
,Fonging,           ,woor,    ,spoveter,   ,rad, ,overgeenth, ,cawked,     ,carroads,    ,lopste,     ,            ,      ,blactored,     ,glull,
,Tadeing,           ,dier,    ,spoleler,   ,tid, ,overgiewed, ,caimed,     ,carreams,    ,lomple,     ,            ,      ,clactored,     ,smull,
,Tarcing,           ,deir,    ,spaleter,   ,tud, ,overgieved, ,carced,     ,carreems,    ,tuptre,     ,            ,      ,flactored,     ,skell,
,Tansing,           ,doos,    ,choleler,   ,tyd, ,overgields, ,caunch,     ,carreeds,    ,tupche,     ,            ,      ,dractored,     ,wrull,
,Talting,           ,foor,    ,choveter,   ,tam, ,overdounds, ,cauves,     ,carrouds,    ,tupgre,     ,            ,      ,spactored,     ,skall,
,Targing,           ,doob,    ,chaleter,   ,tas, ,overdourse, ,caphed,     ,carroups,    ,tupste,     ,            ,      ,gractored,     ,skurs,
,Talving,           ,doon,    ,shaleter,   ,taw, ,overdouths, ,capsed,     ,carroule,    ,tutple,     ,            ,      ,slactored,     ,skuck,
,Taucing,           ,doof,    ,sholeler,   ,tak, ,overdieved, ,caiths,     ,carreaps,    ,tumple,     ,            ,      ,frultured,     ,skuns,
,Tadjing,           ,dook,    ,shoveter,   ,tal, ,overdiewed, ,caired,     ,cantiage,    ,tusple,     ,            ,      ,fruptured,     ,skust,
,Tamning,           ,doop,    ,staleter,   ,tay, ,overdields, ,caists,     ,candiage,    ,tubple,     ,            ,      ,friltured,     ,skugs,
M. ,Jonnart, ,denied, to the ,commission, that the ,new, ,tax, ,plan, ,was, a ,scheme, to ,make, the budget's ,ends, ,meet,.
   ,Jondact, ,devead,        ,comborsion,          ,naw, ,rax, ,plap, ,wam,   ,schepe,    ,mamp,              ,inds, ,heet,
   ,Jondave, ,degood,        ,combonsion,          ,ney, ,tox, ,dran, ,fas,   ,scheks,    ,mand,              ,ents, ,teet,
   ,Jonnict, ,degeed,        ,combansion,          ,nem, ,tac, ,quan, ,wap,   ,schech,    ,mame,              ,ests, ,seet,
   ,Jondarn, ,degead,        ,combarsion,          ,neb, ,tak, ,plun, ,waw,   ,schede,    ,mang,              ,ewed, ,reet,
   ,Jondame, ,deceed,        ,combursion,          ,ner, ,max, ,blan, ,mas,   ,schert,    ,mabs,              ,onds, ,mout,
   ,Jonnime, ,decead,        ,comporsion,          ,nes, ,hax, ,pran, ,tas,   ,scheff,    ,mant,              ,edes, ,leet,
   ,Jonnice, ,decood,        ,componsion,          ,nek, ,fax, ,snan, ,wis,   ,schels,    ,mave,              ,ekes, ,weet,
   ,Jonnike, ,demeed,        ,compursion,          ,nel, ,tal, ,whan, ,wos,   ,schewn,    ,mase,              ,emps, ,peet,
   ,Jonnill, ,demood,        ,comparsion,          ,neg, ,tau, ,fran, ,wak,   ,schess,    ,mape,              ,ench, ,deet,
   ,Jondort, ,demead,        ,compansion,          ,vew, ,tai, ,plon, ,wal,   ,schemp,    ,maff,              ,erts, ,meep,
A ,certain, ,madwoman, ,arrested, ,downtown, ,falsely, ,claimed, to ,be, ,nurse, ,Elise, ,Bachmann,. The ,latter, ,is, ,perfectly, ,sane,.
  ,certike, ,madfacan, ,annosted, ,darttown, ,fincely, ,craimed,    ,bi, ,nunge, ,Etint, ,Baldmaul,      ,laller, ,os, ,pervandly, ,sabs,
  ,certive, ,madfagan, ,annelled, ,dalltown, ,fithely, ,clarbed,    ,bu, ,nuced, ,Etind, ,Baldmaoh,      ,wotter, ,es, ,pervardly, ,sast,
  ,certict, ,madhagan, ,annected, ,dardtown, ,firchly, ,clairds,    ,le, ,nufts, ,Etire, ,Baldmawk,      ,wanter, ,im, ,pervainly, ,sare,
  ,certics, ,madhacan, ,annerted, ,dangtown, ,fixthly, ,claitch,    ,ce, ,nerse, ,Etick, ,Baldmaow,      ,witter, ,ir, ,pernortly, ,sant,
  ,certism, ,pabfoman, ,annented, ,darktown, ,finchly, ,claisle,    ,te, ,nurge, ,Etite, ,Baldmaou,      ,haster, ,ig, ,pernandly, ,tane,
  ,cescain, ,pabdoman, ,annenged, ,dorklown, ,fingely, ,clauged,    ,de, ,nurns, ,Elyne, ,Baldmatz,      ,hanter, ,ip, ,pernardly, ,sase,
  ,cerlatz, ,pabvoman, ,annenced, ,dorktorm, ,firthly, ,claired,    ,fe, ,nults, ,Elyps, ,Baldmaub,      ,hetter, ,ib, ,pernainly, ,sams,
  ,cerlaus, ,pabhoman, ,annepted, ,dongtorm, ,telsely, ,claides,    ,ge, ,nulks, ,Emase, ,Baldmaum,      ,hitter, ,iy, ,persainly, ,sars,
  ,cerlawn, ,pabnoman, ,annerved, ,doldlown, ,tarchly, ,claived,    ,ke, ,nurls, ,Emese, ,Baldmaur,      ,hutter, ,il, ,persandly, ,sone,
  ,cerlafe, ,pabgoman, ,anneshed, ,dorttorm, ,tarshly, ,clachts,    ,qe, ,nusks, ,Etids, ,Baldmaxe,      ,futter, ,ys, ,persardly, ,rane,
,Arrested, in Saint-Germain for ,petty, ,theft,", ",Joël, ,Guilbert, ,drank, ,sublimate,. He ,was, ,detoxified,", but ",died, ,yesterday, of ,delirium, ,tremens,.
,Armythed,                      ,sotty, ,thaft,  ,Vodl, ,Goapbert, ,drare, ,paglimate,     ,wam, ,detukihood,      ,wied, ,yestercip,    ,decariox, ,chemans,
,Armyssed,                      ,dutty, ,theld,  ,Kodl, ,Googbert, ,drash, ,paplimate,     ,waw, ,detukidoed,      ,dood, ,zesterdop,    ,decariot, ,chepens,
,Armunced,                      ,rutty, ,thift,  ,Jidl, ,Gougbert, ,drave, ,paclimate,     ,wap, ,detukivaed,      ,fied, ,zesterdow,    ,decariob, ,chedens,
,Armucked,                      ,motty, ,thern,  ,Jadl, ,Guilsort, ,drang, ,padlimate,     ,fas, ,detupihood,      ,doed, ,zesterdox,    ,decarioy, ,shepens,
,Armunged,                      ,mutty, ,therk,  ,Nodl, ,Guilpart, ,trank, ,pamlimate,     ,ras, ,detupivaed,      ,doud, ,zesterdip,    ,decariow, ,shedens,
,Armursed,                      ,sutty, ,thewn,  ,Zodl, ,Guisbort, ,drars, ,maglimate,     ,wes, ,detupidoed,      ,deud, ,zesterpoy,    ,decuriow, ,shemans,
,Armurned,                      ,sitty, ,wheft,  ,Yodl, ,Goalgert, ,drane, ,madlimate,     ,wak, ,detusidoed,      ,dien, ,zestercoy,    ,decuriob, ,trecans,
,Armurged,                      ,rotty, ,thuft,  ,Judl, ,Goalbort, ,drast, ,maplimate,     ,wal, ,detusivaed,      ,dier, ,xestercoy,    ,decuriot, ,trebans,
,Armurded,                      ,ritty, ,therd,  ,Godl, ,Goalbell, ,drand, ,mamlimate,     ,wab, ,detusihood,      ,mied, ,xesterpoy,    ,decuriox, ,trelins,
,Armuthed,                      ,mitty, ,thelt,  ,Wodl, ,Goalbect, ,drabs, ,maclimate,     ,wos, ,detubidoed,      ,sied, ,xesterdip,    ,decurioy, ,trelans,
In ,Bône,", the ",courts, and the ,bar, have ,reestablished, ,contact, with the ,prison,", ",now, that the ,typhus, ,outbreak, there has ,been, ,curbed,.
   ,Byne,      ,sourts,         ,bam,      ,meiptaquished, ,condect,          ,pruron,  ,naw,          ,tyscis, ,outgreek,           ,boun, ,cursts,
   ,Bene,      ,rourts,         ,bas,      ,meiptaclished, ,contike,          ,prunon,  ,jow,          ,tydris, ,outsheek,           ,boan, ,cusque,
   ,Bune,      ,counce,         ,baw,      ,meiptaplished, ,contill,          ,praton,  ,noy,          ,tyfris, ,outsleek,           ,bien, ,cuoyed,
   ,    ,      ,tourts,         ,bur,      ,meiptashished, ,contics,          ,pralon,  ,nok,          ,tywhis, ,outtreek,           ,bein, ,culged,
   ,    ,      ,couths,         ,bab,      ,meiptaglished, ,contild,          ,pramon,  ,nol,          ,tythis, ,outcheek,           ,beed, ,curghs,
   ,    ,      ,coules,         ,ber,      ,meiptachished, ,contice,          ,praron,  ,nom,          ,tyclis, ,outbroux,           ,beem, ,curkes,
   ,    ,      ,courds,         ,bir,      ,meiptathished, ,contive,          ,proron,  ,non,          ,typros, ,outcreek,           ,leen, ,culsed,
   ,    ,      ,courns,         ,bor,      ,meiptadrished, ,contile,          ,pronon,  ,noz,          ,typris, ,outcreaf,           ,beeg, ,culcts,
   ,    ,      ,couled,         ,bal,      ,meiptatrished, ,contirt,          ,prowon,  ,noh,          ,tythos, ,outspook,           ,peen, ,cuests,
   ,    ,      ,coused,         ,bax,      ,meiptaphished, ,contith,          ,prenon,  ,dow,          ,tyglos, ,outspeaf,           ,meen, ,curfed,
,Despondent, ,owing, to the ,bankruptcy, of one of his ,debtors,", M. ",Arturo, ,Ferretti,", ",merchant, of ,Bizerte,", ",killed, himself with a ,hunting, ,rifle,.
,Defrassent, ,uming,        ,banklusefy,               ,dereurs,     ,Anburu, ,Herronti,  ,murclant,    ,Bikerma,  ,kigged,                ,hemping, ,siwre,
,Defrissent, ,uning,        ,bankluctfy,               ,dengurs,     ,Anburi, ,Lerronti,  ,murquant,    ,Bikerca,  ,kished,                ,herting, ,sisle,
,Degrussent, ,ubing,        ,barerusefy,               ,delturs,     ,Anbure, ,Herranti,  ,murblant,    ,Bikerna,  ,kights,                ,helding, ,sishe,
,Degrissent, ,uring,        ,bareructfy,               ,dempurs,     ,Anbufo, ,Lerranti,  ,murspant,    ,Biherca,  ,kinged,                ,henging, ,sique,
,Degrassent, ,iging,        ,basthaptcy,               ,deldurs,     ,Anbuso, ,Horresti,  ,murphant,    ,Biherna,  ,kimmed,                ,hething, ,sigre,
,Dedlyssent, ,iking,        ,bastfaptcy,               ,defturs,     ,Anbumo, ,Horrecti,  ,murfrant,    ,Biherma,  ,kiffed,                ,hessing, ,sigle,
,Dedlissent, ,ifing,        ,bassfaptcy,               ,delfurs,     ,Anbuco, ,Horratti,  ,murdrant,    ,Biwerma,  ,kimped,                ,helling, ,siphe,
,Desmissent, ,iring,        ,basshaptcy,               ,densurs,     ,Anfuso, ,Hormetti,  ,murchard,    ,Biwerca,  ,kidged,                ,heching, ,sipre,
,Desmassent, ,iting,        ,bassluntcy,               ,dellurs,     ,Anfufo, ,Hessetti,  ,murchand,    ,Biwerna,  ,kibbed,                ,hifting, ,siwhe,
,Dethissent, ,iming,        ,barerutefy,               ,derrurs,     ,Anfuri, ,Hescetti,  ,murgrant,    ,Bijerca,  ,kinned,                ,himping, ,sivre,
The ,charge, of ,embezzlement, against the ,management, of the ,Toulon, ,artillery, ,amounts, to ,nothing,", ",according, to the manager's ,inquiry,.
    ,chawns,    ,embaychument,             ,sunankment,        ,Fouton, ,isdellery, ,asients,    ,naching,  ,admoffing,                  ,onflory,
    ,chaxed,    ,emboychument,             ,sunainment,        ,Tooton, ,istetlery, ,abients,    ,nassing,  ,admoiting,                  ,onflary,
    ,charch,    ,embobstument,             ,sunashment,        ,Louton, ,isteflery, ,abeants,    ,nanking,  ,admorging,                  ,onflury,
    ,chasks,    ,embobtrument,             ,sunaftment,        ,Leelon, ,istemlery, ,asiants,    ,nasting,  ,admothing,                  ,onflyry,
    ,chathe,    ,embotplument,             ,sunalmment,        ,Loolon, ,isteylery, ,apients,    ,nanting,  ,admolting,                  ,onprary,
    ,chambs,    ,embopprument,             ,sunastment,        ,Teeton, ,isteltery, ,apeants,    ,nanging,  ,admomping,                  ,onprury,
    ,charls,    ,embopplument,             ,sunazement,        ,Feelon, ,istelmery, ,apounds,    ,nalling,  ,admocking,                  ,onprory,
    ,charse,    ,embabtrument,             ,sunapement,        ,Foolon, ,istelcery, ,avients,    ,neching,  ,admonsing,                  ,onsnary,
    ,chaced,    ,embabstument,             ,sunatement,        ,Lealon, ,istelwery, ,acounds,    ,nenting,  ,admowning,                  ,onwrary,
    ,chalds,    ,embaggrument,             ,sunairment,        ,Leilon, ,istelgery, ,amiends,    ,nending,  ,admonting,                  ,onclory,
At ,Toulouse,", the ",finale, of the bailliffs' ,convention,. Their ,duties,", ",said, a ,speaker,", ",are," """,delicate,", ",dangerous,", and ",insufficiently, ,compensated,"."""
   ,Foulound,      ,fidana,                   ,comnintion,        ,ruries,  ,sair,   ,flooker,  ,ank,  ,dirirate,  ,pisgerous,      ,uccesficiently, ,coblinhated,
   ,Fourouse,      ,fipana,                   ,combeltion,        ,rulies,  ,sasp,   ,freeker,  ,ams,  ,dimirate,  ,puncerous,      ,uccemficiently, ,coblingated,
   ,Foutouse,      ,fisana,                   ,combestion,        ,ruvies,  ,salm,   ,freamer,  ,ars,  ,divirate,  ,punjerous,      ,uccenficiently, ,coblinfated,
   ,Touround,      ,tinana,                   ,combettion,        ,syties,  ,sait,   ,freaser,  ,ags,  ,didirate,  ,punrerous,      ,uccerficiently, ,coblindated,
   ,Toutound,      ,linana,                   ,combension,        ,rumies,  ,sarp,   ,bleaser,  ,aws,  ,ditirate,  ,punberous,      ,uccysficiently, ,coblinvated,
   ,Touloard,      ,lifate,                   ,compeltion,        ,rusies,  ,sact,   ,bleamer,  ,ave,  ,demilals,  ,punserous,      ,uccymficiently, ,coblinbated,
   ,Tootouse,      ,lifalo,                   ,compestion,        ,rucies,  ,sawk,   ,blooker,  ,ane,  ,demilans,  ,punmerous,      ,uccimficiently, ,coblinzated,
   ,Toolound,      ,lifala,                   ,compension,        ,rudies,  ,salk,   ,bleeker,  ,abs,  ,demilant,  ,punnerous,      ,uccisficiently, ,coblinkated,
   ,Toorouse,      ,lisalo,                   ,compettion,        ,runies,  ,saim,   ,fleeker,  ,ast,  ,demisans,  ,punperous,      ,uccirficiently, ,coblarsated,
   ,Loulound,      ,lisala,                   ,compintion,        ,rupies,  ,sask,   ,fleamer,  ,ang,  ,demisant,  ,punkerous,      ,uccinficiently, ,coblalsated,
A ,lamplighter, in ,Versailles, and a ,sexton, in ,La, Garenne-Colombes both ,found, ,incendiary, ,devices,", their ",fuses, ,snuffed,.
  ,fothlighter,    ,Versinegun,       ,seslon,    ,Ra,                       ,fouse, ,indombiany, ,detubes,        ,femes, ,snudged,
  ,fowdlighter,    ,Versingues,       ,silton,    ,Sa,                       ,foute, ,indompiany, ,detuges,        ,feles, ,thuffed,
  ,fopelighter,    ,Versirched,       ,sidton,    ,Li,                       ,foule, ,indomniany, ,detupes,        ,tules, ,fruffed,
  ,foinlighter,    ,Vernaussed,       ,sigton,    ,Lu,                       ,foung, ,indommiany, ,detudes,        ,tupes, ,snussed,
  ,foillighter,    ,Vernaigned,       ,sespon,    ,Ga,                       ,dound, ,indomfiany, ,detuxes,        ,fewes, ,snurred,
  ,fordlighter,    ,Vernaughts,       ,sesbon,    ,Da,                       ,fouth, ,indomliany, ,detufes,        ,fedes, ,snummed,
  ,fotelighter,    ,Vernangued,       ,selpon,    ,Le,                       ,foult, ,indonsiiny, ,detuies,        ,ludes, ,snunned,
  ,fonglighter,    ,Vernarched,       ,selbon,    ,Ly,                       ,foupe, ,indonsiily, ,detukes,        ,lupes, ,snoffed,
  ,fonelighter,    ,Vernathers,       ,mexlon,    ,Wa,                       ,fourt, ,indongiiny, ,detumes,        ,lules, ,snaffed,
  ,folklighter,    ,Vernangues,       ,mextan,    ,Ja,                       ,fouch, ,indongiily, ,detymes,        ,leses, ,snurged,
Four ,horses,", minus their ",dragoons,", ",bolted, on ,Quai, ,de, ,Javel,. They ,knocked, over a ,coach, and its ,driver,", ",Fouché,.
     ,huntes,              ,scagians,  ,buched,    ,Quau, ,fe, ,Jasal,       ,knicked,        ,coath,         ,clirer,  ,Touchu,
     ,hurfes,              ,scageens,  ,bugeed,    ,Quao, ,dy, ,Japal,       ,knopped,        ,soach,         ,slirer,  ,Louchu,
     ,hulees,              ,slagians,  ,bunded,    ,Quaj, ,du, ,Janal,       ,wrocked,        ,coaks,         ,frirer,  ,Feechu,
     ,hulses,              ,slageens,  ,burted,    ,Quav, ,da, ,Jaral,       ,knacked,        ,cooch,         ,fraver,  ,Fouclu,
     ,hurbes,              ,clagians,  ,buseed,    ,Snai, ,di, ,Jabul,       ,smocked,        ,toach,         ,plirer,  ,Foupru,
     ,humbes,              ,clageens,  ,bufted,    ,Whai, ,te, ,Jacul,       ,glocked,        ,coard,         ,droder,  ,Fouthu,
     ,hurles,              ,sladoons,  ,bursed,    ,Plai, ,ge, ,Jatul,       ,twocked,        ,ceach,         ,dreder,  ,Fougru,
     ,huskes,              ,slafoons,  ,budsed,    ,Quac, ,ce, ,Jasul,       ,knolled,        ,hoach,         ,dreter,  ,Foudru,
     ,hurees,              ,slagouns,  ,butsed,    ,Quah, ,le, ,Vasel,       ,knecked,        ,moach,         ,druder,  ,Fouflu,
     ,hugees,              ,slageins,  ,burfed,    ,Swai, ,je, ,Vacel,       ,knoshed,        ,coafs,         ,claver,  ,Foutru,
While ,thundering, for the ,Republic,", a 300-year-old ",cannon, ,exploded, in ,Chatou,", but no ",one, ,was, ,hurt,.
      ,thallering,         ,Redoklic,                 ,candan, ,extryled,    ,Chalea,         ,ine, ,wam, ,huce,
      ,rhansering,         ,Redoilic,                 ,candin, ,excryled,    ,Chalia,         ,ove, ,waw, ,huys,
      ,rhancering,         ,Redoclic,                 ,bannin, ,esshided,    ,Chalio,         ,obs, ,wap, ,hult,
      ,rhonsering,         ,Redoflic,                 ,bannan, ,essholed,    ,Chaloe,         ,ows, ,fas, ,hume,
      ,rhoncering,         ,Renoilic,                 ,banson, ,esshuded,    ,Chaloo,         ,oms, ,das, ,huth,
      ,rhencering,         ,Renoklic,                 ,bandon, ,essheded,    ,Chalei,         ,ote, ,wos, ,hupe,
      ,rhensering,         ,Renoflic,                 ,bancon, ,esshaded,    ,Chaloa,         ,ost, ,wis, ,huch,
      ,wransering,         ,Renoxlic,                 ,bangon, ,estlided,    ,Chalae,         ,ong, ,wes, ,hurn,
      ,wrancering,         ,Renoylic,                 ,carron, ,estleded,    ,Charoa,         ,ose, ,wal, ,huft,
      ,wrensering,         ,Renoclic,                 ,carmon, ,esgreded,    ,Charoe,         ,oke, ,wak, ,hurd,
,Reverend, ,Andrieux,", of ",Roannes,", near ",Aurillac,", whom a ",pitiless, ,husband, ,perforated, ,Wednesday, with two ,rifle, ,shots,", ",died, ,last, ,night,.
,Majerend, ,Anspioof,     ,Soained,       ,Abfullac,         ,sosiless, ,hubtand, ,sunlorated, ,Wednesdoc,          ,sitle, ,chots,  ,wied, ,lars, ,niffs,
,Materend, ,Anspieaf,     ,Soaoued,       ,Apfullac,         ,mediless, ,hutback, ,sunborated, ,Wednesdow,          ,siwre, ,shets,  ,dood, ,lant, ,nimes,
,Mazerend, ,Ansmieaf,     ,Soammes,       ,Adfullac,         ,radiless, ,hedband, ,sungorated, ,Wednesdom,          ,sigle, ,brots,  ,doud, ,lall, ,nides,
,Maferend, ,Ansmioof,     ,Soarked,       ,Agfullac,         ,rapiless, ,hetband, ,sunhorated, ,Wednesdop,          ,sisce, ,crots,  ,doed, ,lare, ,ninge,
,Maveregm, ,Anclieaf,     ,Soalmed,       ,Afsellac,         ,raviless, ,helband, ,sunmorated, ,Wednesdim,          ,siske, ,flots,  ,deud, ,lans, ,niled,
,Mavereck, ,Anclioof,     ,Soaches,       ,Afsillat,         ,roviless, ,hubland, ,sunworated, ,Wednesdip,          ,sipre, ,shats,  ,fied, ,lals, ,nimed,
,Maverews, ,Answieaf,     ,Soarged,       ,Afrallat,         ,ropiless, ,hugland, ,sunjorated, ,Wednesdic,          ,sispe, ,prots,  ,dien, ,lase, ,nirge,
,Maverert, ,Answioof,     ,Soastes,       ,Afrillet,         ,rosiless, ,hugtand, ,sunrorated, ,Wednesdup,          ,sithe, ,shods,  ,dier, ,lale, ,niths,
,Maverege, ,Anklioof,     ,Soabbed,       ,Afrillit,         ,rodiless, ,hugback, ,sunnorated, ,Wednesdum,          ,sishe, ,shons,  ,mied, ,lach, ,nipes,
,Maverept, ,Anklieaf,     ,Soaubed,       ,Afrollat,         ,sopiless, ,hugbard, ,pannerated, ,Wednesdyp,          ,sisle, ,drots,  ,sied, ,lape, ,nirks,
In a ,café, on ,Rue, ,Fontaine,", ",Vautour,", ",Lenoir,", and ",Atanis, ,exchanged, a ,few, ,bullets, ,regarding, their ,wives,", who ",were, not ,present,.
     ,cahu,    ,Tue, ,Fontiffs,  ,Vawdour,  ,Lenulf,      ,Amalus, ,exglinged,   ,wew, ,bollest, ,refencing,       ,wiked,      ,dere,     ,prolent,
     ,cahi,    ,Ruv, ,Fontique,  ,Vaflour,  ,Lenupt,      ,Amalos, ,esgranged,   ,cew, ,bollens, ,referning,       ,wists,      ,wene,     ,proment,
     ,cawu,    ,Ruh, ,Fontille,  ,Vawlour,  ,Lenuth,      ,Amatos, ,escharned,   ,tew, ,bollits, ,reboiting,       ,wiled,      ,wegs,     ,propent,
     ,caji,    ,Mue, ,Fontisks,  ,Vawgour,  ,Lenutz,      ,Amatas, ,eschagged,   ,fow, ,bellits, ,rebothing,       ,wined,      ,wems,     ,shosent,
     ,caju,    ,Rux, ,Fontiste,  ,Vawwour,  ,Lenult,      ,Amatus, ,eschapped,   ,feg, ,bellest, ,reboiding,       ,wikes,      ,wesh,     ,stosent,
     ,cadu,    ,Fue, ,Fontigue,  ,Vawfour,  ,Lenurb,      ,Alatus, ,escharred,   ,feb, ,bellens, ,rebolting,       ,wints,      ,weve,     ,pripent,
     ,cazi,    ,Ruy, ,Fontinth,  ,Vawrour,  ,Lenual,      ,Alatos, ,eschanced,   ,fes, ,bullins, ,rebowning,       ,wiffs,      ,wers,     ,prilent,
     ,cazu,    ,Ruk, ,Fontirth,  ,Vawpour,  ,Lenuff,      ,Alatas, ,eschaints,   ,fek, ,buttets, ,rebolving,       ,wimed,      ,wews,     ,priment,
     ,cabu,    ,Pue, ,Fontiths,  ,Vawsour,  ,Lenusc,      ,Alalos, ,eschached,   ,fel, ,rullits, ,rebocking,       ,wimps,      ,fere,     ,prident,
     ,cawi,    ,Lue, ,Fontipse,  ,Vewtour,  ,Lenurg,      ,Alalus, ,escharged,   ,fem, ,rullots, ,rebonging,       ,wites,      ,wede,     ,chelent,
,Sand, and ,only, that ,was, the ,content, of two ,suspect, ,packages, that ,yesterday, ,morning, ,alarmed, Saint-Germain-en-Laye.
,Sind,     ,owty,      ,wam,     ,cortese,        ,suldect, ,suckakes,      ,yestercip, ,sirning, ,atormed,
,Sant,     ,olty,      ,fas,     ,corteme,        ,suslact, ,suckaces,      ,zestercoy, ,serning, ,aloyles,
,Samp,     ,opty,      ,wap,     ,cortems,        ,suscact, ,suckayes,      ,zesterdip, ,solking, ,alolves,
,Sabs,     ,omty,      ,waw,     ,cortete,        ,supmect, ,patheyes,      ,zesterdox, ,sorsing, ,alonced,
,Sase,     ,orty,      ,tas,     ,cortesh,        ,supdect, ,pathemes,      ,zesterdop, ,sowding, ,alogued,
,Tand,     ,unty,      ,mas,     ,cortede,        ,supsect, ,patheces,      ,zesterdow, ,sodeing, ,alothed,
,Saks,     ,urly,      ,sas,     ,cortect,        ,sulsect, ,mackeyes,      ,zesterpoy, ,sonzing, ,aloined,
,Sals,     ,umly,      ,das,     ,cortert,        ,sulpict, ,mackemes,      ,xesterdip, ,softing, ,alottes,
,Sape,     ,inty,      ,wos,     ,cortels,        ,sulpeds, ,mackeces,      ,xesterdox, ,soiring, ,alorbed,
,Sart,     ,itly,      ,wal,     ,corteds,        ,sulpems, ,mathayes,      ,xesterdow, ,sonting, ,alorlds,
Despite a 20-year ,penitentiary, ,sentence,", in ",absentia,", M. ",Miot,", a ",Bordeaux, ,architect,", ",lived, ,quietly, in ,Toulon,. He ,was, ,arrested, ,there,.
                  ,pynimensiogy, ,muntence,     ,aupentee,     ,Mout,    ,Bordoofs, ,archinase,  ,linch, ,plianly,    ,Fouton,     ,wam, ,ansasted, ,thure,
                  ,pynimensiocy, ,sistence,     ,aupentoo,     ,    ,    ,Bordough, ,archinads,  ,liffs, ,frianly,    ,Tooton,     ,waw, ,anseshed, ,thire,
                  ,pynimensiomy, ,sontedes,     ,aupentie,     ,    ,    ,Borgealt, ,archinawn,  ,lirts, ,glianly,    ,Leelon,     ,wap, ,anserged, ,quere,
                  ,punimensiomy, ,sontects,     ,aupentou,     ,    ,    ,Borgeach, ,archinaks,  ,lince, ,whianly,    ,Louton,     ,fas, ,ansecked, ,theve,
                  ,punimensiocy, ,sonterse,     ,aupentea,     ,    ,    ,Borgieux, ,archiname,  ,lides, ,skianly,    ,Loolon,     ,sas, ,ansected, ,thene,
                  ,punimensiogy, ,sontells,     ,aupentae,     ,    ,    ,Bordeech, ,archinape,  ,lipes, ,phianly,    ,Feelon,     ,wis, ,anselled, ,thegs,
                  ,panimensiomy, ,sontench,     ,aupentoe,     ,    ,    ,Borduilt, ,archinace,  ,lidge, ,thianly,    ,Foolon,     ,wes, ,ansented, ,thesh,
                  ,panimensiogy, ,sontenth,     ,aucentou,     ,    ,    ,Bordeign, ,archinail,  ,liths, ,scianly,    ,Teeton,     ,wos, ,anserved, ,thest,
                  ,panimensiocy, ,sontexed,     ,aucentee,     ,    ,    ,Bordeipt, ,archinath,  ,liles, ,snianly,    ,Leilon,     ,wab, ,anserned, ,thems,
                  ,ranimentiocy, ,sontenes,     ,aucentoe,     ,    ,    ,Bordeigh, ,archinale,  ,lites, ,smianly,    ,Lielon,     ,wal, ,ansenged, ,thers,
